Sun Effect Update,Mouse Update,Check for New Particle Effect Update,Particle Update,Spaceship Update,Object Update,Spaceship Draw,Draw Sun Particles,Turret Update,Turret Draw,Draw Particle,Bullet Draw,Object Draw,Wall Draw,Solar System Draw
0.000140124,3.69829e-006,4.10922e-007,0,2.05461e-006,3.69829e-006,2.46553e-005,0.00181833,8.21843e-007,8.62935e-006,0,4.10922e-007,4.52014e-006,8.62935e-006,7.97188e-005
0.000179162,2.05461e-006,0,0,4.10922e-007,1.23276e-006,2.0957e-005,0.00198763,2.46553e-006,8.62935e-006,0,1.23276e-006,5.34198e-006,1.47932e-005,8.21843e-005
0.000172998,4.10922e-006,4.10922e-007,4.10922e-007,1.23276e-006,1.64369e-006,2.91754e-005,0.00184257,8.21843e-007,8.62935e-006,0,4.10922e-007,4.10922e-006,9.04028e-006,0.000111771
4.23249e-005,3.28737e-006,4.10922e-007,0,1.23276e-006,1.64369e-006,3.123e-005,0.00181258,8.21843e-007,8.62935e-006,0,4.10922e-007,4.52014e-006,9.04028e-006,8.01297e-005
4.23249e-005,2.87645e-006,4.10922e-007,0,1.23276e-006,2.05461e-006,2.38335e-005,0.00184011,1.23276e-006,8.62935e-006,0,8.21843e-007,4.52014e-006,8.62935e-006,8.05406e-005
0.000126153,1.64369e-005,4.10922e-007,0,1.64369e-006,1.64369e-006,2.30116e-005,0.00182162,8.21843e-007,8.62935e-006,0,4.10922e-007,4.52014e-006,9.04028e-006,8.13625e-005
0.000158205,3.28737e-006,4.10922e-007,0,8.21843e-007,8.21843e-007,2.6299e-005,0.00189024,1.23276e-006,8.62935e-006,0,4.10922e-007,4.10922e-006,9.04028e-006,8.17734e-005
0.000156561,3.69829e-006,4.10922e-007,0,1.23276e-006,1.64369e-006,2.30116e-005,0.00182367,1.23276e-006,8.62935e-006,0,4.10922e-007,4.52014e-006,8.62935e-006,8.21843e-005
0.000184093,2.05461e-006,4.10922e-007,0,8.21843e-007,8.21843e-007,2.01352e-005,0.00191489,1.64369e-006,8.62935e-006,0,1.23276e-006,4.93106e-006,1.31495e-005,8.21843e-005
0.000169711,3.28737e-006,4.10922e-007,0,1.64369e-006,1.64369e-006,2.34225e-005,0.00182326,8.21843e-007,8.62935e-006,0,4.10922e-007,4.52014e-006,8.62935e-006,8.09516e-005
0.000171765,3.28737e-006,4.10922e-007,0,1.23276e-006,1.64369e-006,2.83536e-005,0.00184956,8.21843e-007,8.62935e-006,0,8.21843e-007,4.52014e-006,9.04028e-006,8.21843e-005
4.88997e-005,2.87645e-006,0,0,1.23276e-006,2.05461e-006,2.26007e-005,0.0017908,1.23276e-006,8.21843e-006,0,4.10922e-007,4.10922e-006,9.04028e-006,8.13625e-005
5.09543e-005,3.28737e-006,0,0,1.23276e-006,1.64369e-006,2.46553e-005,0.00184586,1.23276e-006,8.62935e-006,0,4.10922e-007,4.52014e-006,9.04028e-006,8.09516e-005
0.000153274,2.05461e-006,0,0,4.10922e-007,1.23276e-006,2.0957e-005,0.00182983,8.21843e-007,8.62935e-006,0,4.10922e-007,4.10922e-006,8.62935e-006,7.97188e-005
0.000150397,3.69829e-006,4.10922e-007,4.10922e-007,1.64369e-006,2.05461e-006,2.42444e-005,0.00184668,1.23276e-006,8.62935e-006,4.10922e-007,8.21843e-007,4.52014e-006,9.04028e-006,8.09516e-005
0.000144644,2.05461e-006,0,0,4.10922e-007,1.23276e-006,2.13679e-005,0.00202749,2.05461e-006,8.62935e-006,0,8.21843e-007,5.34198e-006,1.39713e-005,8.34171e-005
4.35577e-005,3.69829e-006,0,4.10922e-007,1.23276e-006,1.64369e-006,2.38335e-005,0.00182696,8.21843e-007,8.62935e-006,0,4.10922e-007,4.93106e-006,9.04028e-006,8.17734e-005
5.87618e-005,1.15058e-005,0,0,1.23276e-006,1.23276e-006,2.30116e-005,0.00184504,1.23276e-006,8.62935e-006,0,8.21843e-007,4.52014e-006,9.04028e-006,8.30062e-005
4.97215e-005,3.69829e-006,4.10922e-007,4.10922e-007,1.23276e-006,1.64369e-006,2.30116e-005,0.00193585,1.23276e-006,8.62935e-006,0,4.10922e-007,4.52014e-006,8.62935e-006,8.34171e-005
0.000183271,3.28737e-006,4.10922e-007,0,8.21843e-007,1.23276e-006,2.17788e-005,0.00183271,8.21843e-007,8.62935e-006,0,4.10922e-007,4.52014e-006,8.62935e-006,8.25953e-005
0.000185326,2.87645e-006,4.10922e-007,0,1.23276e-006,1.64369e-006,2.30116e-005,0.00182983,1.23276e-006,8.21843e-006,0,4.10922e-007,4.52014e-006,8.62935e-006,8.34171e-005
4.35577e-005,3.28737e-006,4.10922e-007,0,1.23276e-006,1.64369e-006,2.30116e-005,0.0017497,8.21843e-007,8.21843e-006,4.10922e-007,4.10922e-007,4.10922e-006,8.21843e-006,7.80751e-005
4.27359e-005,2.05461e-006,0,0,8.21843e-007,8.21843e-007,2.46553e-005,0.0018249,8.21843e-007,8.21843e-006,0,4.10922e-007,4.10922e-006,8.62935e-006,8.17734e-005
0.000157794,2.87645e-006,0,4.10922e-007,1.23276e-006,1.64369e-006,2.26007e-005,0.00178299,1.23276e-006,8.21843e-006,4.10922e-007,4.10922e-007,4.10922e-006,8.21843e-006,7.80751e-005
4.35577e-005,3.28737e-006,0,4.10922e-007,8.21843e-007,1.64369e-006,2.34225e-005,0.00194325,1.64369e-006,8.62935e-006,0,4.10922e-007,4.52014e-006,8.62935e-006,8.3828e-005
0.000183271,3.28737e-006,4.10922e-007,0,1.23276e-006,1.23276e-006,2.42444e-005,0.0018286,1.23276e-006,8.62935e-006,4.10922e-007,4.10922e-007,4.52014e-006,9.04028e-006,8.34171e-005
4.35577e-005,3.69829e-006,4.10922e-007,0,8.21843e-007,1.64369e-006,2.79427e-005,0.0019375,1.23276e-006,9.04028e-006,0,8.21843e-007,4.52014e-006,8.62935e-006,8.30062e-005
0.000145466,2.87645e-006,0,0,8.21843e-007,1.23276e-006,2.26007e-005,0.00181258,1.23276e-006,7.80751e-006,0,4.10922e-007,4.52014e-006,8.21843e-006,7.72533e-005
0.000168889,2.87645e-006,4.10922e-007,4.10922e-007,1.23276e-006,1.64369e-006,2.42444e-005,0.0018097,8.21843e-007,8.21843e-006,0,8.21843e-007,4.10922e-006,7.80751e-006,7.8486e-005
0.000153274,2.05461e-006,0,4.10922e-007,8.21843e-007,1.23276e-006,2.0957e-005,0.00181545,8.21843e-007,8.62935e-006,4.10922e-007,0,4.52014e-006,8.62935e-006,8.95809e-005
0.000151219,3.28737e-006,4.10922e-007,0,1.23276e-006,1.64369e-006,2.67099e-005,0.00178792,8.21843e-007,8.21843e-006,0,4.10922e-007,4.10922e-006,8.21843e-006,7.8486e-005
0.000177518,1.64369e-005,0,0,8.21843e-007,8.21843e-007,2.01352e-005,0.00186476,2.46553e-006,3.28737e-005,0,4.10922e-007,4.52014e-006,1.27386e-005,7.8897e-005
0.000179162,4.10922e-006,0,4.10922e-007,1.23276e-006,1.64369e-006,2.34225e-005,0.00181586,1.23276e-006,9.04028e-006,0,4.10922e-007,4.52014e-006,8.62935e-006,8.30062e-005
4.52014e-005,4.10922e-006,0,0,1.64369e-006,1.64369e-006,2.38335e-005,0.00183723,1.23276e-006,8.62935e-006,0,4.10922e-007,4.52014e-006,8.62935e-006,8.25953e-005
0.000152452,2.87645e-006,4.10922e-007,0,1.23276e-006,1.23276e-006,2.21898e-005,0.0018249,1.23276e-006,8.62935e-006,0,4.10922e-007,4.10922e-006,8.62935e-006,8.21843e-005
0.000143001,3.69829e-006,4.10922e-007,4.10922e-007,1.23276e-006,1.64369e-006,2.38335e-005,0.00177395,1.23276e-006,8.62935e-006,0,4.10922e-007,4.93106e-006,9.04028e-006,8.3828e-005
0.000188613,2.46553e-006,0,0,8.21843e-007,1.23276e-006,2.95864e-005,0.0017986,8.21843e-007,8.62935e-006,0,0,4.52014e-006,8.21843e-006,8.17734e-005
5.2187e-005,3.28737e-006,4.10922e-007,0,1.23276e-006,2.05461e-006,2.26007e-005,0.00184381,8.21843e-007,8.62935e-006,0,8.21843e-007,4.52014e-006,8.62935e-006,8.25953e-005
4.10922e-005,1.64369e-006,0,0,8.21843e-007,8.21843e-007,1.97242e-005,0.00186846,1.23276e-006,7.80751e-006,0,4.10922e-007,4.10922e-006,7.80751e-006,7.51987e-005
0.000152452,2.87645e-006,0,0,1.23276e-006,1.64369e-006,2.26007e-005,0.00184052,1.23276e-006,8.62935e-006,0,4.10922e-007,4.52014e-006,8.62935e-006,8.34171e-005
4.27359e-005,2.05461e-006,4.10922e-007,0,8.21843e-007,8.21843e-007,2.17788e-005,0.00205338,1.64369e-006,9.04028e-006,4.10922e-007,8.21843e-007,4.93106e-006,1.35604e-005,8.34171e-005
0.000135604,4.10922e-006,0,0,1.23276e-006,2.05461e-006,2.42444e-005,0.0018249,8.21843e-007,8.62935e-006,0,4.10922e-007,4.10922e-006,8.62935e-006,8.34171e-005
0.000145466,2.87645e-006,0,0,1.23276e-006,2.05461e-006,2.42444e-005,0.00182285,8.21843e-007,9.04028e-006,0,4.10922e-007,4.52014e-006,8.62935e-006,8.25953e-005
0.000143412,2.87645e-006,4.10922e-007,0,8.21843e-007,1.23276e-006,2.17788e-005,0.00182162,1.23276e-006,8.62935e-006,0,4.10922e-007,4.10922e-006,8.21843e-006,8.17734e-005
4.39686e-005,2.87645e-006,0,0,1.23276e-006,1.64369e-006,2.46553e-005,0.00182285,1.23276e-006,8.62935e-006,0,4.10922e-007,4.52014e-006,8.21843e-006,8.30062e-005
0.000171765,2.46553e-006,0,4.10922e-007,8.21843e-007,1.23276e-006,2.17788e-005,0.00182367,1.23276e-006,8.62935e-006,0,4.10922e-007,4.10922e-006,8.62935e-006,8.13625e-005
0.000143823,3.28737e-006,4.10922e-007,4.10922e-007,1.23276e-006,1.64369e-006,2.34225e-005,0.00182942,8.21843e-007,8.62935e-006,0,4.10922e-007,4.52014e-006,8.62935e-006,8.30062e-005
0.000161492,2.46553e-006,0,0,8.21843e-007,1.23276e-006,2.0957e-005,0.00187709,1.64369e-006,9.4512e-006,0,4.10922e-007,4.93106e-006,1.31495e-005,8.3828e-005
0.000181627,3.28737e-006,4.10922e-007,0,1.23276e-006,1.64369e-006,3.08191e-005,0.00183148,1.23276e-006,8.62935e-006,0,4.10922e-007,4.52014e-006,9.04028e-006,8.25953e-005
0.000122044,3.28737e-006,0,0,1.23276e-006,1.64369e-006,2.46553e-005,0.00182079,1.23276e-006,8.62935e-006,0,4.10922e-007,4.10922e-006,8.62935e-006,8.30062e-005
0.0001693,0.000168067,0,0,1.23276e-006,1.64369e-006,2.30116e-005,0.00182572,1.23276e-006,8.62935e-006,4.10922e-007,4.10922e-007,4.52014e-006,8.62935e-006,8.25953e-005
0.000143823,3.69829e-006,0,0,1.23276e-006,1.64369e-006,2.38335e-005,0.0018249,1.23276e-006,8.62935e-006,0,4.10922e-007,4.52014e-006,8.62935e-006,8.30062e-005
0.000172998,2.46553e-006,4.10922e-007,0,8.21843e-007,1.23276e-006,2.17788e-005,0.00182655,1.23276e-006,9.04028e-006,4.10922e-007,4.10922e-007,4.52014e-006,8.62935e-006,8.17734e-005
0.000164369,3.28737e-006,0,0,1.23276e-006,2.05461e-006,2.21898e-005,0.00181011,8.21843e-007,9.04028e-006,0,8.21843e-007,4.52014e-006,8.62935e-006,8.25953e-005
0.000174231,2.05461e-006,0,4.10922e-007,4.10922e-007,1.23276e-006,2.0957e-005,0.00188202,1.64369e-006,9.04028e-006,0,8.21843e-007,4.52014e-006,1.31495e-005,8.3828e-005
0.000155328,3.69829e-006,0,0,1.23276e-006,1.64369e-006,2.38335e-005,0.00176943,8.21843e-007,8.21843e-006,0,8.21843e-007,4.10922e-006,8.21843e-006,7.80751e-005
0.000103552,4.93106e-006,0,0,1.23276e-006,2.46553e-006,2.58881e-005,0.00182079,1.23276e-006,8.62935e-006,0,8.21843e-007,4.52014e-006,8.62935e-006,8.34171e-005
0.000173409,3.69829e-006,4.10922e-007,4.10922e-007,1.64369e-006,1.64369e-006,2.38335e-005,0.00188736,1.23276e-006,8.62935e-006,0,8.21843e-007,4.10922e-006,8.62935e-006,8.34171e-005
0.000182038,2.87645e-006,0,4.10922e-007,1.23276e-006,1.23276e-006,2.34225e-005,0.00183805,1.23276e-006,8.62935e-006,0,4.10922e-007,4.10922e-006,8.62935e-006,8.30062e-005
0.000161492,3.69829e-006,0,0,8.21843e-007,1.23276e-006,2.0957e-005,0.00203036,1.23276e-006,8.62935e-006,0,4.10922e-007,4.52014e-006,8.62935e-006,8.21843e-005
0.000141357,3.69829e-006,4.10922e-007,4.10922e-007,1.23276e-006,2.05461e-006,2.42444e-005,0.00181545,8.21843e-007,7.80751e-006,0,8.21843e-007,4.10922e-006,7.80751e-006,7.60205e-005
8.75263e-005,3.69829e-006,0,4.10922e-007,1.23276e-006,2.46553e-006,2.50662e-005,0.00190873,1.64369e-006,8.21843e-006,0,1.23276e-006,4.10922e-006,1.31495e-005,7.8486e-005
0.000179162,3.69829e-006,0,0,1.23276e-006,1.64369e-006,2.21898e-005,0.00183271,1.23276e-006,9.04028e-006,0,4.10922e-007,4.52014e-006,8.62935e-006,8.30062e-005
0.000163136,4.93106e-006,0,4.10922e-007,1.23276e-006,2.87645e-006,2.46553e-005,0.0019979,1.23276e-006,8.62935e-006,0,8.21843e-007,4.52014e-006,9.04028e-006,8.30062e-005
0.000168067,4.93106e-006,0,0,1.64369e-006,1.64369e-006,2.34225e-005,0.0018171,8.21843e-007,8.62935e-006,0,4.10922e-007,4.10922e-006,8.21843e-006,8.25953e-005
0.000172998,3.28737e-006,0,0,8.21843e-007,1.64369e-006,2.30116e-005,0.00181586,1.23276e-006,8.62935e-006,0,4.10922e-007,4.10922e-006,9.04028e-006,8.25953e-005
0.000143412,2.05461e-006,0,4.10922e-007,4.10922e-007,1.23276e-006,2.26007e-005,0.00194654,2.05461e-006,9.04028e-006,0,1.23276e-006,4.52014e-006,1.52041e-005,8.3828e-005
4.64341e-005,3.69829e-006,4.10922e-007,4.10922e-007,1.23276e-006,2.05461e-006,2.46553e-005,0.00176285,8.21843e-007,8.21843e-006,0,4.10922e-007,4.10922e-006,8.21843e-006,7.80751e-005
4.68451e-005,4.93106e-006,0,4.10922e-007,1.23276e-006,2.05461e-006,2.42444e-005,0.00182655,8.21843e-007,9.04028e-006,4.10922e-007,8.21843e-007,4.10922e-006,8.62935e-006,8.34171e-005
0.000183682,2.87645e-006,4.10922e-007,0,8.21843e-007,1.23276e-006,2.0957e-005,0.00187997,1.23276e-006,8.21843e-006,0,4.10922e-007,3.69829e-006,8.21843e-006,7.72533e-005
0.000145877,3.69829e-006,8.21843e-007,4.10922e-007,1.64369e-006,2.05461e-006,2.46553e-005,0.00195804,1.23276e-006,9.04028e-006,0,8.21843e-007,4.52014e-006,9.86212e-006,8.34171e-005
0.00017382,1.64369e-006,4.10922e-007,0,8.21843e-007,1.23276e-006,2.0957e-005,0.00184504,1.23276e-006,9.4512e-006,0,4.10922e-007,4.52014e-006,1.19167e-005,8.95809e-005
0.000161903,2.87645e-006,0,4.10922e-007,1.23276e-006,2.05461e-006,2.21898e-005,0.00181997,1.23276e-006,8.62935e-006,0,4.10922e-007,4.10922e-006,8.62935e-006,8.30062e-005
6.04055e-005,4.10922e-006,4.10922e-007,0,1.23276e-006,2.05461e-006,2.38335e-005,0.00181751,1.23276e-006,8.62935e-006,0,4.10922e-007,4.52014e-006,8.62935e-006,8.25953e-005
0.000157383,4.93106e-006,4.10922e-007,0,2.05461e-006,2.05461e-006,2.42444e-005,0.00183559,1.23276e-006,8.62935e-006,0,4.10922e-007,4.10922e-006,9.04028e-006,8.25953e-005
0.000143412,2.87645e-006,4.10922e-007,4.10922e-007,8.21843e-007,1.64369e-006,2.83536e-005,0.0018775,1.23276e-006,8.62935e-006,0,4.10922e-007,4.10922e-006,9.04028e-006,8.30062e-005
0.000143001,3.69829e-006,0,0,8.21843e-007,1.64369e-006,2.21898e-005,0.00177683,8.21843e-007,8.21843e-006,0,4.10922e-007,4.10922e-006,8.21843e-006,7.76642e-005
0.0001693,2.87645e-006,0,0,1.23276e-006,1.23276e-006,2.34225e-005,0.00181668,1.23276e-006,8.62935e-006,0,4.10922e-007,4.10922e-006,8.62935e-006,8.25953e-005
0.000161081,4.93106e-006,4.10922e-007,0,8.21843e-007,2.05461e-006,2.42444e-005,0.00181833,8.21843e-007,8.62935e-006,0,8.21843e-007,4.52014e-006,8.62935e-006,8.25953e-005
0.000173409,5.34198e-006,0,0,1.23276e-006,8.21843e-007,2.87645e-005,0.0019001,1.23276e-006,8.62935e-006,0,4.10922e-007,4.52014e-006,8.62935e-006,8.30062e-005
0.000144233,3.69829e-006,4.10922e-007,0,8.21843e-007,1.23276e-006,2.46553e-005,0.00185901,2.46553e-006,9.04028e-006,0,1.23276e-006,4.93106e-006,1.35604e-005,8.42389e-005
0.000166012,4.52014e-006,0,0,1.23276e-006,1.23276e-006,2.50662e-005,0.00183189,8.21843e-007,8.62935e-006,0,4.10922e-007,4.52014e-006,8.62935e-006,8.25953e-005
0.000149165,3.28737e-006,0,0,8.21843e-007,4.10922e-007,2.38335e-005,0.00181997,1.23276e-006,8.62935e-006,0,8.21843e-007,4.52014e-006,8.21843e-006,8.30062e-005
0.000150397,2.87645e-006,4.10922e-007,0,8.21843e-007,8.21843e-007,2.50662e-005,0.00181586,8.21843e-007,8.62935e-006,0,4.10922e-007,4.10922e-006,8.21843e-006,8.13625e-005
0.000154507,3.69829e-006,4.10922e-007,0,1.64369e-006,8.21843e-007,2.50662e-005,0.00181545,1.23276e-006,8.21843e-006,0,4.10922e-007,4.52014e-006,8.62935e-006,8.30062e-005
0.00017382,2.05461e-006,4.10922e-007,0,8.21843e-007,8.21843e-007,2.0957e-005,0.00181545,1.23276e-006,8.62935e-006,0,0,4.10922e-006,8.62935e-006,8.17734e-005
0.000164369,3.28737e-006,0,0,1.23276e-006,8.21843e-007,2.26007e-005,0.00174847,8.21843e-007,8.21843e-006,0,4.10922e-007,4.10922e-006,7.80751e-006,7.8897e-005
0.000164369,2.05461e-006,4.10922e-007,0,8.21843e-007,8.21843e-007,2.30116e-005,0.0019264,1.64369e-006,9.04028e-006,0,8.21843e-007,4.10922e-006,1.27386e-005,8.34171e-005
0.00014711,2.46553e-006,0,0,1.64369e-006,4.10922e-007,2.21898e-005,0.00178135,1.23276e-006,8.21843e-006,0,4.10922e-007,4.10922e-006,8.21843e-006,7.80751e-005
0.000124509,4.93106e-006,0,0,1.23276e-006,8.21843e-007,2.46553e-005,0.0018323,1.23276e-006,8.62935e-006,0,4.10922e-007,4.10922e-006,9.04028e-006,8.30062e-005
5.17761e-005,4.10922e-006,4.10922e-007,4.10922e-007,1.23276e-006,8.21843e-007,7.76642e-005,0.00181956,1.64369e-006,8.62935e-006,0,4.10922e-007,4.10922e-006,8.62935e-006,8.34171e-005
0.000135193,2.87645e-006,4.10922e-007,0,8.21843e-007,1.23276e-006,2.38335e-005,0.00182079,8.21843e-007,9.04028e-006,4.10922e-007,4.10922e-007,1.23276e-005,7.80751e-006,7.8486e-005
0.000129029,1.64369e-006,0,4.10922e-007,8.21843e-007,8.21843e-007,2.0957e-005,0.00183025,1.23276e-006,8.62935e-006,0,4.10922e-007,4.52014e-006,8.62935e-006,8.17734e-005
0.000143001,4.10922e-006,4.10922e-007,0,1.23276e-006,8.21843e-007,2.42444e-005,0.00182737,8.21843e-007,8.62935e-006,0,8.21843e-007,4.52014e-006,8.62935e-006,8.30062e-005
4.43795e-005,2.05461e-006,4.10922e-007,0,4.10922e-007,8.21843e-007,2.0957e-005,0.00191859,2.05461e-006,8.62935e-006,0,8.21843e-007,4.52014e-006,1.31495e-005,8.34171e-005
0.000167245,3.28737e-006,4.10922e-007,4.10922e-007,1.23276e-006,8.21843e-007,2.30116e-005,0.00183107,8.21843e-007,8.21843e-006,0,8.21843e-007,4.10922e-006,1.27386e-005,7.76642e-005
4.60232e-005,3.28737e-006,4.10922e-007,0,8.21843e-007,1.23276e-006,2.34225e-005,0.00183107,8.21843e-007,8.21843e-006,4.10922e-007,4.10922e-007,4.10922e-006,7.80751e-006,7.80751e-005
0.000184915,2.87645e-006,4.10922e-007,0,1.23276e-006,8.21843e-007,2.0957e-005,0.00183805,8.21843e-007,8.62935e-006,0,4.10922e-007,4.10922e-006,8.62935e-006,8.25953e-005
4.31468e-005,2.46553e-006,4.10922e-007,0,1.23276e-006,8.21843e-007,2.30116e-005,0.00200324,1.23276e-006,8.21843e-006,0,4.10922e-007,4.10922e-006,8.62935e-006,7.76642e-005
0.00015615,2.05461e-006,4.10922e-007,0,9.04028e-006,1.23276e-006,2.17788e-005,0.00182572,1.23276e-006,8.21843e-006,0,4.10922e-007,4.10922e-006,8.62935e-006,8.17734e-005
0.000172176,3.69829e-006,4.10922e-007,0,8.21843e-007,8.21843e-007,2.42444e-005,0.00182408,1.23276e-006,8.21843e-006,0,4.10922e-007,4.10922e-006,8.62935e-006,8.30062e-005
0.000174231,1.64369e-006,0,0,8.21843e-007,8.21843e-007,2.0957e-005,0.00189723,2.05461e-006,8.62935e-006,0,1.23276e-006,4.52014e-006,1.35604e-005,8.30062e-005
4.47905e-005,3.28737e-006,4.10922e-007,0,1.23276e-006,8.21843e-007,2.38335e-005,0.0018323,1.23276e-006,8.21843e-006,0,4.10922e-007,4.52014e-006,8.21843e-006,8.62935e-005
0.000147932,3.69829e-006,0,0,8.21843e-007,8.21843e-007,2.34225e-005,0.00182244,1.23276e-006,8.21843e-006,0,1.23276e-005,4.10922e-006,8.62935e-006,8.30062e-005
0.000170122,3.28737e-006,0,0,1.23276e-006,4.10922e-007,2.0957e-005,0.00173039,8.21843e-007,7.80751e-006,0,2.21898e-005,3.69829e-006,7.80751e-006,7.64314e-005
0.00014711,3.69829e-006,0,0,8.21843e-007,8.21843e-007,2.34225e-005,0.0018249,8.21843e-007,8.62935e-006,0,3.6572e-005,4.52014e-006,8.21843e-006,8.30062e-005
0.000170122,2.46553e-006,0,0,8.21843e-007,4.10922e-007,2.05461e-005,0.00184627,1.23276e-006,8.21843e-006,0,4.56123e-005,4.10922e-006,7.80751e-006,7.72533e-005
4.68451e-005,2.87645e-006,4.10922e-007,4.10922e-007,8.21843e-007,8.21843e-007,2.13679e-005,0.00182449,8.21843e-007,8.62935e-006,0,6.12273e-005,4.10922e-006,8.21843e-006,8.30062e-005
0.000152452,2.05461e-006,0,0,8.21843e-007,8.21843e-007,2.17788e-005,0.00192229,1.64369e-006,9.04028e-006,0,8.25953e-005,4.52014e-006,1.27386e-005,8.34171e-005
0.000170122,3.69829e-006,4.10922e-007,0,1.23276e-006,8.21843e-007,2.46553e-005,0.00182572,8.21843e-007,8.62935e-006,0,8.54717e-005,4.10922e-006,8.21843e-006,8.30062e-005
0.000179573,1.19167e-005,0,0,1.23276e-006,8.21843e-007,2.26007e-005,0.00184052,8.21843e-007,9.04028e-006,0,0.000152452,4.10922e-006,8.21843e-006,8.17734e-005
0.000157794,3.69829e-006,0,1.97242e-005,8.21843e-007,1.23276e-006,2.05461e-005,0.00175464,1.23276e-006,7.80751e-006,0.000389554,0.000103963,3.69829e-006,7.39659e-006,7.76642e-005
0.000166834,3.69829e-006,4.10922e-007,2.0957e-005,1.23276e-006,1.64369e-006,2.34225e-005,0.00182367,8.21843e-007,9.04028e-006,0.000411743,0.000122866,4.10922e-006,7.80751e-006,8.30062e-005
0.00015163,4.10922e-006,0,2.13679e-005,1.23276e-006,2.05461e-006,2.46553e-005,0.00183353,1.23276e-006,9.04028e-006,0.000411333,0.000137248,4.10922e-006,8.21843e-006,8.30062e-005
4.68451e-005,3.69829e-006,4.10922e-007,2.87645e-005,1.64369e-006,2.05461e-006,2.42444e-005,0.00182408,1.23276e-006,8.62935e-006,0.000413387,0.000147521,4.52014e-006,7.80751e-006,8.3828e-005
0.000183682,2.05461e-006,4.10922e-007,1.93133e-005,4.10922e-007,1.23276e-006,1.97242e-005,0.00180806,8.21843e-007,8.62935e-006,0.000433933,0.000188202,4.10922e-006,1.31495e-005,8.3828e-005
0.000182038,4.52014e-006,0,2.01352e-005,1.23276e-006,1.64369e-006,2.26007e-005,0.00184216,1.23276e-006,8.62935e-006,0.000412154,0.000172587,4.52014e-006,8.21843e-006,8.30062e-005
5.34198e-005,2.46553e-006,4.10922e-007,1.97242e-005,8.21843e-007,1.23276e-006,2.46553e-005,0.00186928,1.64369e-006,8.62935e-006,0.000412565,0.000183682,4.10922e-006,8.62935e-006,8.30062e-005
0.000102319,3.69829e-006,4.10922e-007,3.32847e-005,1.23276e-006,2.05461e-006,2.46553e-005,0.00182901,1.23276e-006,9.04028e-006,0.000412976,0.000194777,4.52014e-006,7.80751e-006,8.30062e-005
0.000132728,3.69829e-006,4.10922e-007,2.13679e-005,8.21843e-007,1.64369e-006,2.38335e-005,0.00182203,8.21843e-007,8.62935e-006,0.000413387,0.000215323,4.52014e-006,8.21843e-006,8.30062e-005
0.000156561,2.87645e-006,0,2.0957e-005,1.64369e-006,8.21843e-007,2.13679e-005,0.0018286,1.23276e-006,8.62935e-006,0.000411333,0.00021861,4.10922e-006,8.21843e-006,8.17734e-005
0.000171354,3.28737e-006,0,2.13679e-005,1.64369e-006,1.64369e-006,2.34225e-005,0.00181668,1.23276e-006,8.62935e-006,0.000411743,0.000230938,4.10922e-006,8.21843e-006,8.25953e-005
4.35577e-005,2.05461e-006,0,2.13679e-005,4.10922e-007,1.23276e-006,2.01352e-005,0.00179614,8.21843e-007,8.21843e-006,0.000456534,0.000260935,4.52014e-006,1.84915e-005,0.000103552
0.000153274,3.28737e-006,4.10922e-007,2.17788e-005,1.64369e-006,1.64369e-006,2.26007e-005,0.00180477,1.23276e-006,8.21843e-006,0.00038791,0.000247786,3.69829e-006,7.80751e-006,7.8897e-005
0.00015615,2.05461e-006,0,2.17788e-005,8.21843e-007,8.21843e-007,2.46553e-005,0.00189681,1.64369e-006,8.62935e-006,0.000411743,0.000246142,4.10922e-006,1.15058e-005,8.34171e-005
0.000153274,4.1914e-005,4.10922e-007,2.0957e-005,1.64369e-006,2.05461e-006,2.17788e-005,0.00174765,8.21843e-007,8.21843e-006,0.000388732,0.00025395,3.69829e-006,7.80751e-006,9.77993e-005
0.000140946,2.46553e-006,0,2.01352e-005,8.21843e-007,1.64369e-006,2.34225e-005,0.0018171,1.23276e-006,8.62935e-006,0.000411743,0.000263812,4.10922e-006,8.21843e-006,8.30062e-005
0.000145055,4.10922e-006,0,2.21898e-005,1.23276e-006,1.64369e-006,2.42444e-005,0.00184052,1.23276e-006,8.62935e-006,0.000412154,0.000242444,4.10922e-006,7.80751e-006,8.30062e-005
0.000172587,4.10922e-006,0,2.17788e-005,1.23276e-006,2.05461e-006,2.30116e-005,0.00183353,1.23276e-006,8.62935e-006,0.000412154,0.000250662,4.10922e-006,8.21843e-006,8.25953e-005
0.000166012,4.93106e-006,0,2.26007e-005,1.64369e-006,2.46553e-006,2.38335e-005,0.00210104,1.23276e-006,9.04028e-006,0.000415031,0.000242033,4.10922e-006,8.21843e-006,8.34171e-005
4.97215e-005,4.10922e-006,4.10922e-007,3.08191e-005,2.05461e-006,1.64369e-006,2.38335e-005,0.0018212,1.23276e-006,8.62935e-006,0,0.000240389,4.10922e-006,8.21843e-006,8.25953e-005
0.000148754,2.05461e-006,0,4.10922e-007,8.21843e-007,8.21843e-007,2.13679e-005,0.00182162,8.21843e-007,8.62935e-006,4.10922e-007,0.000239156,4.10922e-006,7.80751e-006,8.17734e-005
0.000137248,4.52014e-006,0,0,1.23276e-006,2.05461e-006,2.46553e-005,0.00182326,8.21843e-007,8.62935e-006,0,0.000239567,4.52014e-006,8.62935e-006,8.25953e-005
4.47905e-005,2.46553e-006,0,4.10922e-007,8.21843e-007,1.23276e-006,2.46553e-005,0.00184093,1.64369e-006,8.21843e-006,0,0.000226007,4.10922e-006,8.62935e-006,7.76642e-005
5.30089e-005,3.28737e-006,4.10922e-007,4.10922e-007,1.23276e-006,2.05461e-006,2.34225e-005,0.00181915,8.21843e-007,8.62935e-006,0,0.000239567,4.52014e-006,8.21843e-006,8.34171e-005
0.000140124,3.69829e-006,0,4.10922e-007,1.23276e-006,1.64369e-006,2.26007e-005,0.0018212,1.23276e-006,8.62935e-006,0,0.000240389,4.52014e-006,8.21843e-006,8.34171e-005
0.00017834,3.69829e-006,0,0,1.23276e-006,1.23276e-006,2.0957e-005,0.00183025,1.23276e-006,8.62935e-006,0,0.000238335,4.10922e-006,8.21843e-006,8.17734e-005
0.000180806,3.69829e-006,0,0,1.64369e-006,1.64369e-006,2.34225e-005,0.00183066,1.23276e-006,8.62935e-006,0,0.000238745,4.52014e-006,8.21843e-006,8.25953e-005
0.000181627,2.05461e-006,0,0,8.21843e-007,1.23276e-006,3.08191e-005,0.00184791,2.05461e-006,8.62935e-006,0,0.000239567,4.93106e-006,1.31495e-005,8.50608e-005
0.000143412,4.10922e-006,4.10922e-007,0,1.23276e-006,2.46553e-006,2.46553e-005,0.00182038,1.23276e-006,8.62935e-006,0,0.000260113,4.93106e-006,1.0273e-005,8.42389e-005
0.000150808,3.28737e-006,4.10922e-007,0,1.23276e-006,1.64369e-006,2.17788e-005,0.00181381,1.23276e-006,8.62935e-006,4.10922e-007,0.000239567,4.52014e-006,8.21843e-006,8.30062e-005
0.000183682,9.04028e-006,0,0,8.21843e-007,8.21843e-007,2.01352e-005,0.00169793,8.21843e-007,7.80751e-006,0,0.000218199,4.10922e-006,7.39659e-006,7.47877e-005
0.000172176,2.87645e-006,0,0,8.21843e-007,2.05461e-006,2.26007e-005,0.00182326,1.23276e-006,8.62935e-006,4.10922e-007,0.000239978,4.10922e-006,7.80751e-006,7.80751e-005
0.000151219,4.10922e-006,0,0,8.21843e-007,1.64369e-006,2.13679e-005,0.00200489,2.05461e-006,9.04028e-006,0,0.000240389,4.93106e-006,1.31495e-005,8.50608e-005
5.34198e-005,3.69829e-006,0,0,1.23276e-006,2.05461e-006,2.26007e-005,0.00182162,1.23276e-006,8.62935e-006,0,0.000239156,4.52014e-006,8.21843e-006,8.30062e-005
4.68451e-005,2.87645e-006,0,0,8.21843e-007,2.05461e-006,2.34225e-005,0.00181751,8.21843e-007,8.21843e-006,0,0.000238745,4.52014e-006,8.21843e-006,8.21843e-005
0.000175874,4.10922e-006,0,4.10922e-007,1.23276e-006,1.64369e-006,2.38335e-005,0.00178052,8.21843e-007,8.21843e-006,0,0.000226418,3.69829e-006,7.80751e-006,7.80751e-005
0.000165601,4.10922e-006,4.10922e-007,4.10922e-007,1.64369e-006,1.64369e-006,2.38335e-005,0.00186394,1.23276e-006,8.62935e-006,0,0.000239567,4.52014e-006,8.21843e-006,8.30062e-005
0.00018286,2.05461e-006,4.10922e-007,0,8.21843e-007,1.23276e-006,2.0957e-005,0.00184257,8.21843e-007,8.62935e-006,0,0.000237924,4.10922e-006,8.21843e-006,8.17734e-005
0.00013807,3.69829e-006,4.10922e-007,4.10922e-007,1.64369e-006,2.05461e-006,2.42444e-005,0.00182737,8.21843e-007,8.62935e-006,0,0.000240389,4.52014e-006,8.21843e-006,8.25953e-005
4.68451e-005,3.69829e-006,0,0,8.21843e-007,1.64369e-006,2.38335e-005,0.00189394,1.23276e-006,8.62935e-006,0,0.000239156,4.10922e-006,8.62935e-006,8.30062e-005
0.000157383,2.87645e-006,4.10922e-007,4.10922e-007,1.23276e-006,2.46553e-006,2.38335e-005,0.00181833,1.23276e-006,8.62935e-006,0,0.000239978,4.52014e-006,7.80751e-006,8.25953e-005
0.000133139,5.34198e-006,0,0,1.23276e-006,2.05461e-006,2.50662e-005,0.00183189,8.21843e-007,9.04028e-006,0,0.000239567,4.52014e-006,8.21843e-006,8.30062e-005
0.000137248,2.46553e-006,0,0,8.21843e-007,8.21843e-007,2.17788e-005,0.00182819,1.23276e-006,8.62935e-006,0,0.000238335,4.52014e-006,8.21843e-006,8.21843e-005
0.000166834,4.10922e-006,0,0,1.64369e-006,1.64369e-006,2.42444e-005,0.0018171,1.23276e-006,8.62935e-006,0,0.000239978,4.52014e-006,7.80751e-006,8.25953e-005
4.56123e-005,2.05461e-006,0,4.10922e-007,8.21843e-007,1.23276e-006,2.42444e-005,0.00189887,2.05461e-006,9.04028e-006,4.10922e-007,0.000248608,4.93106e-006,1.39713e-005,8.42389e-005
0.000127797,4.93106e-006,0,0,1.23276e-006,2.05461e-006,2.95864e-005,0.00193626,1.23276e-006,8.62935e-006,0,0.000240389,4.52014e-006,8.21843e-006,8.34171e-005
0.000163136,4.93106e-006,4.10922e-007,0,1.23276e-006,2.46553e-006,2.54771e-005,0.00180764,1.23276e-006,8.21843e-006,4.10922e-007,0.000226829,4.10922e-006,7.80751e-006,7.80751e-005
0.000181627,3.28737e-006,4.10922e-007,4.10922e-007,8.21843e-007,8.21843e-007,2.05461e-005,0.0017608,8.21843e-007,7.80751e-006,0,0.000224363,4.10922e-006,7.39659e-006,7.68423e-005
0.000174642,4.10922e-006,0,0,1.23276e-006,8.21843e-007,2.50662e-005,0.00183025,8.21843e-007,9.04028e-006,4.10922e-007,0.000239567,4.52014e-006,8.21843e-006,8.30062e-005
0.000166012,1.64369e-006,4.10922e-007,0,4.10922e-007,4.10922e-007,2.30116e-005,0.00193051,1.64369e-006,9.04028e-006,0,0.000240389,4.52014e-006,1.23276e-005,8.34171e-005
4.64341e-005,3.28737e-006,4.10922e-007,4.10922e-007,1.23276e-006,1.23276e-006,2.34225e-005,0.00172834,8.21843e-007,8.21843e-006,0,0.000225185,4.10922e-006,7.80751e-006,7.8486e-005
0.000172998,2.87645e-006,0,0,8.21843e-007,8.21843e-007,2.34225e-005,0.00176532,8.21843e-007,8.21843e-006,0,0.000226007,4.10922e-006,7.80751e-006,8.42389e-005
0.000167656,3.28737e-006,0,0,1.23276e-006,8.21843e-007,2.17788e-005,0.00182737,1.23276e-006,8.62935e-006,0,0.000238335,4.52014e-006,8.21843e-006,8.21843e-005
0.000176285,2.87645e-006,0,4.10922e-007,8.21843e-007,8.21843e-007,2.79427e-005,0.0018171,8.21843e-007,8.62935e-006,0,0.000239567,4.52014e-006,8.21843e-006,8.25953e-005
0.000177107,2.46553e-006,0,0,8.21843e-007,8.21843e-007,2.30116e-005,0.00190914,2.46553e-006,9.04028e-006,4.10922e-007,0.000241211,2.99973e-005,1.47932e-005,8.34171e-005
4.76669e-005,4.10922e-006,4.10922e-007,0,1.64369e-006,8.21843e-007,2.50662e-005,0.00181381,8.21843e-007,8.62935e-006,0,0.000239978,4.10922e-006,8.21843e-006,8.30062e-005
4.56123e-005,3.28737e-006,0,0,8.21843e-007,8.21843e-007,3.04082e-005,0.0018286,8.21843e-007,8.62935e-006,0,0.0002408,4.10922e-006,8.21843e-006,8.3828e-005
4.23249e-005,2.87645e-006,0,0,1.23276e-006,8.21843e-007,2.6299e-005,0.00175833,1.23276e-006,8.21843e-006,0,0.000226418,4.10922e-006,8.21843e-006,7.8486e-005
0.000161081,2.87645e-006,4.10922e-007,0,8.21843e-007,8.21843e-007,2.21898e-005,0.00182901,1.23276e-006,8.62935e-006,0,0.000239567,4.10922e-006,8.62935e-006,8.25953e-005
0.000159849,2.46553e-006,4.10922e-007,0,8.21843e-007,8.21843e-007,2.05461e-005,0.00181093,1.23276e-006,8.62935e-006,0,0.000238745,4.10922e-006,8.21843e-006,8.21843e-005
0.000143412,3.69829e-006,0,0,1.23276e-006,8.21843e-007,2.42444e-005,0.00181627,1.23276e-006,8.62935e-006,0,0.000239156,4.10922e-006,8.21843e-006,8.25953e-005
4.56123e-005,2.46553e-006,0,0,8.21843e-007,8.21843e-007,2.13679e-005,0.00189723,1.64369e-006,8.62935e-006,0,0.0002408,4.52014e-006,1.23276e-005,8.34171e-005
0.00017834,3.28737e-006,0,4.10922e-007,1.23276e-006,8.21843e-007,2.46553e-005,0.00183764,8.21843e-007,8.62935e-006,0,0.000239156,4.52014e-006,8.62935e-006,8.25953e-005
0.000153274,3.69829e-006,0,4.10922e-007,8.21843e-007,8.21843e-007,2.34225e-005,0.00183312,1.23276e-006,8.62935e-006,0,0.000239567,4.52014e-006,8.62935e-006,8.25953e-005
4.39686e-005,2.46553e-006,0,0,1.23276e-006,8.21843e-007,2.17788e-005,0.00183148,8.21843e-007,8.62935e-006,0,0.000254771,4.10922e-006,8.21843e-006,8.917e-005
0.000170532,2.46553e-006,4.10922e-007,0,8.21843e-007,8.21843e-007,2.30116e-005,0.00182408,8.21843e-007,8.62935e-006,0,0.000268743,4.10922e-006,8.62935e-006,8.25953e-005
0.000154917,2.46553e-006,0,0,4.10922e-007,8.21843e-007,2.17788e-005,0.0019753,2.05461e-006,9.04028e-006,0,0.000281481,4.52014e-006,1.35604e-005,8.3828e-005
0.000150397,3.28737e-006,4.10922e-007,4.10922e-007,8.21843e-007,8.21843e-007,2.34225e-005,0.00181668,1.23276e-006,8.62935e-006,0,0.000293809,4.10922e-006,8.62935e-006,8.25953e-005
0.000143823,3.69829e-006,4.10922e-007,4.10922e-007,1.23276e-006,8.21843e-007,2.38335e-005,0.00182778,8.21843e-007,8.62935e-006,0,0.000306137,4.52014e-006,8.21843e-006,8.30062e-005
0.000148754,3.28737e-006,4.10922e-007,0,8.21843e-007,4.10922e-007,2.26007e-005,0.00182285,8.21843e-007,8.62935e-006,0,0.000317642,4.10922e-006,8.21843e-006,8.21843e-005
0.000186969,4.10922e-006,4.10922e-007,0,1.64369e-006,8.21843e-007,2.34225e-005,0.00173984,1.23276e-006,7.80751e-006,0,0.000309835,3.69829e-006,7.80751e-006,7.56096e-005
0.000181216,1.64369e-006,0,0,4.10922e-007,8.21843e-007,2.13679e-005,0.00200324,2.46553e-006,1.0684e-005,0,0.000367364,4.52014e-006,1.52041e-005,0.000119989
0.000143412,4.10922e-006,4.10922e-007,0,1.23276e-006,1.23276e-006,2.30116e-005,0.00188079,1.23276e-006,8.62935e-006,4.10922e-007,0.000354625,4.52014e-006,9.04028e-006,8.30062e-005
0.000155328,3.69829e-006,4.10922e-007,4.10922e-007,1.23276e-006,8.21843e-007,2.30116e-005,0.00186846,1.23276e-006,8.62935e-006,0,0.000366953,4.52014e-006,8.62935e-006,8.25953e-005
5.38307e-005,3.41065e-005,4.10922e-007,4.10922e-007,1.23276e-006,8.21843e-007,2.38335e-005,0.00182531,1.23276e-006,8.62935e-006,4.10922e-007,0.000378459,4.10922e-006,8.62935e-006,8.21843e-005
0.000182449,2.87645e-006,0,4.10922e-007,1.64369e-006,8.21843e-007,2.30116e-005,0.00180354,1.23276e-006,8.21843e-006,0,0.000367775,4.10922e-006,7.80751e-006,7.80751e-005
4.52014e-005,2.05461e-006,0,2.05461e-005,8.21843e-007,8.21843e-007,2.13679e-005,0.00183107,1.23276e-006,8.62935e-006,0.000415031,0.000405169,4.93106e-006,1.10949e-005,8.67045e-005
0.000190257,3.28737e-006,0,2.71208e-005,1.23276e-006,1.64369e-006,2.21898e-005,0.00182614,1.23276e-006,8.62935e-006,0.000394896,0.000439275,4.52014e-006,8.62935e-006,8.25953e-005
0.000172587,1.23276e-006,0,1.89024e-005,4.10922e-007,8.21843e-007,1.93133e-005,0.00191736,1.64369e-006,8.62935e-006,0.000381335,0.000437632,4.10922e-006,1.23276e-005,8.3828e-005
0.000159027,3.69829e-006,4.10922e-007,1.97242e-005,1.64369e-006,1.64369e-006,2.34225e-005,0.00179285,1.23276e-006,8.62935e-006,0.000418318,0.000439275,4.10922e-006,8.62935e-006,8.21843e-005
0.000171354,2.05461e-006,0,1.89024e-005,4.10922e-007,8.21843e-007,2.17788e-005,0.0019338,1.64369e-006,9.04028e-006,0.000397361,0.000452425,4.10922e-006,1.23276e-005,8.3828e-005
0.000189846,2.87645e-006,4.10922e-007,1.97242e-005,1.64369e-006,2.05461e-006,2.30116e-005,0.0017682,1.23276e-006,8.21843e-006,0.000377226,0.000472149,4.10922e-006,1.0684e-005,7.68423e-005
6.24601e-005,3.28737e-006,0,6.08164e-005,8.21843e-007,1.23276e-006,2.34225e-005,0.00183723,8.21843e-007,9.04028e-006,0.000402292,0.0004816,4.52014e-006,8.62935e-006,8.05406e-005
0.000152863,3.69829e-006,4.10922e-007,2.13679e-005,1.64369e-006,2.05461e-006,2.42444e-005,0.0018286,8.21843e-007,8.62935e-006,0.000396128,0.000488997,4.52014e-006,8.62935e-006,8.13625e-005
0.000149575,6.16382e-006,0,2.13679e-005,1.64369e-006,1.64369e-006,2.46553e-005,0.00186394,1.23276e-006,8.62935e-006,0.000395718,0.000504201,4.52014e-006,8.62935e-006,8.01297e-005
0.000181627,1.31495e-005,8.21843e-007,5.38307e-005,1.23276e-006,2.05461e-006,2.46553e-005,0.00195188,1.23276e-006,8.62935e-006,0.000396128,0.000510776,4.10922e-006,8.21843e-006,8.01297e-005
0.000170532,2.87645e-006,4.10922e-007,2.05461e-005,1.23276e-006,1.23276e-006,2.26007e-005,0.00186394,1.23276e-006,8.62935e-006,0.000394896,0.000522281,4.10922e-006,8.62935e-006,8.05406e-005
0.000146699,2.46553e-006,0,2.13679e-005,8.21843e-007,8.21843e-007,2.13679e-005,0.00183518,1.23276e-006,8.21843e-006,0.000371884,0.000519816,4.10922e-006,7.80751e-006,7.47877e-005
0.000152041,3.69829e-006,4.10922e-007,2.17788e-005,1.23276e-006,1.64369e-006,2.21898e-005,0.0018171,8.21843e-007,8.62935e-006,0.000396539,0.000548169,4.10922e-006,8.21843e-006,8.05406e-005
0.00017382,2.05461e-006,0,2.13679e-005,8.21843e-007,8.21843e-007,2.0957e-005,0.00185449,1.23276e-006,9.04028e-006,0.000401881,0.000618026,4.52014e-006,1.19167e-005,8.17734e-005
4.47905e-005,4.10922e-006,0,2.17788e-005,1.23276e-006,2.05461e-006,2.46553e-005,0.00183353,1.23276e-006,8.62935e-006,0.00039695,0.000571592,4.10922e-006,8.62935e-006,8.05406e-005
4.39686e-005,2.05461e-006,0,2.17788e-005,4.10922e-007,1.23276e-006,2.21898e-005,0.00193133,2.46553e-006,9.4512e-006,0.000422427,0.000585974,4.52014e-006,1.35604e-005,8.13625e-005
0.000130673,4.52014e-006,0,2.21898e-005,1.23276e-006,1.64369e-006,2.50662e-005,0.0018212,1.23276e-006,8.62935e-006,0.00039695,0.000600356,4.52014e-006,7.80751e-006,8.13625e-005
6.24601e-005,4.10922e-006,0,3.41065e-005,1.23276e-006,1.23276e-006,2.38335e-005,0.00182367,1.23276e-006,8.62935e-006,0.000404758,0.000558442,4.10922e-006,7.80751e-006,7.64314e-005
0.000126564,5.7529e-006,0,2.21898e-005,1.23276e-006,2.05461e-006,3.04082e-005,0.00179532,8.21843e-007,7.80751e-006,0.000362844,0.000543649,3.69829e-006,7.39659e-006,7.56096e-005
0.000175464,4.93106e-006,0,2.05461e-005,1.23276e-006,2.05461e-006,2.42444e-005,0.00176368,8.21843e-007,8.21843e-006,0.000378459,0.000556388,4.10922e-006,7.80751e-006,7.60205e-005
0.000177518,4.52014e-006,0,2.79427e-005,1.23276e-006,2.05461e-006,2.26007e-005,0.00175792,1.23276e-006,8.21843e-006,4.10922e-007,0.000535431,3.69829e-006,7.80751e-006,9.41011e-005
4.39686e-005,5.34198e-006,0,0,1.23276e-006,2.05461e-006,2.26007e-005,0.00178011,8.21843e-007,7.80751e-006,0,0.000552279,4.52014e-006,9.4512e-006,0.000151219
0.000184504,2.05461e-006,0,0,4.10922e-007,1.23276e-006,2.34225e-005,0.001949,2.87645e-006,1.15058e-005,0,0.0005794,4.52014e-006,1.47932e-005,8.30062e-005
0.000181216,3.69829e-006,4.10922e-007,0,1.23276e-006,2.05461e-006,2.50662e-005,0.00182203,1.23276e-006,8.62935e-006,0,0.000567894,4.10922e-006,8.21843e-006,8.17734e-005
4.43795e-005,0.000156972,4.10922e-007,4.10922e-007,1.23276e-006,2.05461e-006,2.38335e-005,0.00182326,1.23276e-006,8.62935e-006,0,0.000567072,4.52014e-006,8.21843e-006,8.05406e-005
0.000160259,3.69829e-006,0,0,1.64369e-006,1.64369e-006,2.34225e-005,0.00175546,8.21843e-007,8.21843e-006,0,0.00053502,4.10922e-006,8.62935e-006,9.41011e-005
0.000155328,3.28737e-006,4.10922e-007,0,8.21843e-007,1.23276e-006,2.87645e-005,0.00180189,8.21843e-007,8.21843e-006,0,0.00053502,4.52014e-006,7.80751e-006,9.65666e-005
0.000123276,3.69829e-006,0,0,8.21843e-007,1.23276e-006,2.26007e-005,0.00181833,8.21843e-007,8.62935e-006,0,0.000567483,4.52014e-006,8.62935e-006,8.79372e-005
0.000131906,4.52014e-006,0,0,1.23276e-006,1.64369e-006,2.38335e-005,0.00182901,1.23276e-006,8.62935e-006,0,0.000576112,4.52014e-006,8.62935e-006,8.21843e-005
0.000133139,3.28737e-006,0,0,8.21843e-007,1.64369e-006,2.30116e-005,0.00182244,8.21843e-007,8.62935e-006,0,0.000586796,4.93106e-006,1.72587e-005,0.000100676
4.39686e-005,4.10922e-006,4.10922e-007,0,1.23276e-006,1.64369e-006,2.30116e-005,0.00186189,1.23276e-006,1.35604e-005,0,0.000598713,5.34198e-006,9.04028e-006,0.000117935
4.39686e-005,2.05461e-006,0,0,8.21843e-007,1.23276e-006,3.20519e-005,0.00181751,1.64369e-006,8.62935e-006,0,0.000569126,4.93106e-006,1.0684e-005,8.58826e-005
0.000143001,3.28737e-006,0,0,1.23276e-006,1.64369e-006,2.38335e-005,0.0018212,8.21843e-007,8.62935e-006,0,0.000571592,4.10922e-006,8.62935e-006,8.30062e-005
0.00014711,3.69829e-006,0,0,1.23276e-006,1.23276e-006,3.20519e-005,0.00183723,1.23276e-006,8.62935e-006,0,0.000570359,4.10922e-006,8.21843e-006,8.3828e-005
0.000156972,2.87645e-006,0,0,8.21843e-007,1.23276e-006,2.17788e-005,0.00184052,1.23276e-006,8.62935e-006,0,0.00056625,4.10922e-006,8.62935e-006,8.17734e-005
0.000150808,2.87645e-006,4.10922e-007,0,1.23276e-006,1.23276e-006,2.38335e-005,0.00186106,1.23276e-006,8.62935e-006,0,0.000568716,4.52014e-006,9.04028e-006,8.25953e-005
4.43795e-005,1.64369e-006,4.10922e-007,0,8.21843e-007,8.21843e-007,2.13679e-005,0.00190832,2.05461e-006,9.04028e-006,0,0.000593371,4.52014e-006,1.31495e-005,0.000108894
4.47905e-005,0.000128618,0,0,1.64369e-006,1.64369e-006,2.42444e-005,0.00181545,1.23276e-006,8.62935e-006,0,0.00061967,4.52014e-006,8.62935e-006,8.34171e-005
6.32819e-005,4.93106e-006,4.10922e-007,0,1.64369e-006,2.46553e-006,2.42444e-005,0.00183025,1.23276e-006,8.62935e-006,0,0.000569126,4.10922e-006,8.62935e-006,8.3828e-005
0.000179162,3.28737e-006,0,0,1.64369e-006,1.64369e-006,2.21898e-005,0.00182203,8.21843e-007,9.04028e-006,0,0.000584331,4.52014e-006,8.62935e-006,8.30062e-005
0.00017382,3.69829e-006,0,0,1.64369e-006,1.64369e-006,2.38335e-005,0.00181874,1.23276e-006,8.62935e-006,0,0.000567072,4.10922e-006,8.62935e-006,8.25953e-005
0.000150808,2.87645e-006,0,4.10922e-007,8.21843e-007,8.21843e-007,2.13679e-005,0.00182285,8.21843e-007,8.62935e-006,0,0.000566661,4.10922e-006,8.21843e-006,8.21843e-005
4.52014e-005,4.52014e-006,0,0,1.64369e-006,2.46553e-006,2.38335e-005,0.00181258,8.21843e-007,9.04028e-006,0,0.000585563,4.52014e-006,8.62935e-006,8.30062e-005
4.52014e-005,2.05461e-006,0,4.10922e-007,4.10922e-007,1.23276e-006,2.30116e-005,0.00189188,1.64369e-006,8.62935e-006,0,0.000567894,4.52014e-006,1.35604e-005,0.000103141
0.000146699,5.34198e-006,0,0,1.23276e-006,2.46553e-006,2.46553e-005,0.00183435,1.23276e-006,8.62935e-006,0,0.000581454,4.52014e-006,9.04028e-006,8.34171e-005
0.000189024,3.69829e-006,0,0,8.21843e-007,1.23276e-006,2.30116e-005,0.00183107,8.21843e-007,9.04028e-006,0,0.000586385,4.10922e-006,8.62935e-006,0.000183682
0.0001693,2.87645e-006,0,4.10922e-007,8.21843e-007,8.21843e-007,2.17788e-005,0.00200448,1.23276e-006,9.04028e-006,0,0.000568716,4.52014e-006,8.62935e-006,8.21843e-005
4.60232e-005,3.28737e-006,4.10922e-007,0,1.23276e-006,1.64369e-006,2.54771e-005,0.00182285,1.23276e-006,8.62935e-006,0,0.000567894,4.52014e-006,8.21843e-006,8.30062e-005
0.000154507,2.05461e-006,4.10922e-007,0,8.21843e-007,8.21843e-007,2.01352e-005,0.00184175,2.05461e-006,9.4512e-006,0,0.000622957,4.93106e-006,1.19167e-005,8.42389e-005
0.000148754,3.69829e-006,0,0,1.23276e-006,1.64369e-006,2.42444e-005,0.00181586,1.23276e-006,8.62935e-006,0,0.000571592,4.93106e-006,8.21843e-006,8.30062e-005
4.60232e-005,2.87645e-006,4.10922e-007,4.10922e-007,8.21843e-007,8.21843e-007,2.38335e-005,0.00183559,1.23276e-006,8.62935e-006,0,0.000568716,4.52014e-006,8.21843e-006,8.25953e-005
5.2187e-005,2.46553e-006,4.10922e-007,0,8.21843e-007,8.21843e-007,2.0957e-005,0.00175422,8.21843e-007,8.21843e-006,0,0.000535431,4.10922e-006,7.80751e-006,9.69775e-005
0.000170532,3.28737e-006,4.10922e-007,4.10922e-007,8.21843e-007,8.21843e-007,2.38335e-005,0.00181833,8.21843e-007,9.04028e-006,0,0.000567894,4.10922e-006,8.21843e-006,8.25953e-005
4.43795e-005,0.000136426,4.10922e-007,0,8.21843e-007,8.21843e-007,2.17788e-005,0.00181627,8.21843e-007,8.62935e-006,4.10922e-007,0.000581454,4.93106e-006,9.04028e-006,8.25953e-005
0.00015615,2.87645e-006,4.10922e-007,0,8.21843e-007,8.21843e-007,2.26007e-005,0.001806,1.23276e-006,8.62935e-006,0,0.000569948,4.52014e-006,8.21843e-006,8.34171e-005
0.000170532,2.87645e-006,4.10922e-007,0,8.21843e-007,8.21843e-007,2.26007e-005,0.00183148,1.23276e-006,8.62935e-006,0,0.000567483,4.93106e-006,8.21843e-006,0.00016478
4.64341e-005,3.69829e-006,4.10922e-007,0,1.23276e-006,8.21843e-007,2.38335e-005,0.00183353,1.23276e-006,8.62935e-006,0,0.000568716,4.10922e-006,8.62935e-006,8.30062e-005
0.000168067,2.05461e-006,0,0,8.21843e-007,4.10922e-007,2.21898e-005,0.00202625,1.64369e-006,9.04028e-006,4.10922e-007,0.000569948,4.10922e-006,1.31495e-005,8.3828e-005
0.000218199,4.10922e-006,0,0,8.21843e-007,8.21843e-007,2.38335e-005,0.00182942,1.64369e-006,8.62935e-006,0,0.000569948,4.52014e-006,8.21843e-006,8.34171e-005
6.36929e-005,4.10922e-006,0,4.10922e-007,1.23276e-006,8.21843e-007,2.38335e-005,0.00182614,1.23276e-006,8.62935e-006,0,0.000569537,4.52014e-006,8.21843e-006,8.3828e-005
0.000219432,3.69829e-006,4.10922e-007,4.10922e-007,8.21843e-007,8.21843e-007,2.42444e-005,0.00182285,1.23276e-006,8.62935e-006,0,0.000570359,4.52014e-006,8.21843e-006,8.34171e-005
0.000149575,3.28737e-006,4.10922e-007,4.10922e-007,8.21843e-007,8.21843e-007,2.42444e-005,0.00182038,8.21843e-007,8.62935e-006,0,0.000570359,4.52014e-006,7.80751e-006,8.30062e-005
0.000186558,7.39659e-006,8.21843e-007,4.10922e-007,2.87645e-006,3.28737e-006,2.17788e-005,0.00183394,1.23276e-006,8.21843e-006,0,0.000534198,4.10922e-006,7.80751e-006,8.67045e-005
0.000171354,2.87645e-006,0,0,1.23276e-006,8.21843e-007,2.34225e-005,0.00181422,1.23276e-006,8.62935e-006,0,0.000532965,4.10922e-006,7.39659e-006,9.61557e-005
4.1914e-005,2.05461e-006,0,0,8.21843e-007,8.21843e-007,2.21898e-005,0.0017682,8.21843e-007,8.62935e-006,0,0.000573647,4.10922e-006,7.80751e-006,8.17734e-005
0.000171765,2.87645e-006,4.10922e-007,0,8.21843e-007,8.21843e-007,2.38335e-005,0.00179984,1.23276e-006,8.21843e-006,0,0.000535431,3.69829e-006,7.80751e-006,9.77993e-005
0.000182449,1.64369e-006,0,4.10922e-007,8.21843e-007,4.10922e-007,1.89024e-005,0.00192681,1.64369e-006,9.04028e-006,0,0.000577756,4.52014e-006,1.27386e-005,8.3828e-005
5.95836e-005,2.46553e-006,4.10922e-007,0,1.23276e-006,8.21843e-007,2.42444e-005,0.00182942,1.23276e-006,8.62935e-006,0,0.000581454,4.52014e-006,8.21843e-006,8.25953e-005
4.56123e-005,2.46553e-006,4.10922e-007,0,8.21843e-007,8.21843e-007,2.99973e-005,0.00184545,1.64369e-006,8.62935e-006,0,0.00057077,4.93106e-006,9.86212e-006,0.000350516
0.000151219,3.28737e-006,4.10922e-007,0,1.23276e-006,8.21843e-007,2.46553e-005,0.00187545,8.21843e-007,8.62935e-006,0,0.000641038,4.93106e-006,2.50662e-005,0.000133139
0.000176285,2.87645e-006,0,0,1.64369e-006,8.21843e-007,2.50662e-005,0.00183312,1.23276e-006,8.62935e-006,0,0.000574879,4.52014e-006,8.21843e-006,8.62935e-005
0.000166423,4.93106e-006,4.10922e-007,4.10922e-007,1.64369e-006,8.21843e-007,2.38335e-005,0.00183066,8.21843e-007,8.62935e-006,0,0.000585974,4.52014e-006,8.21843e-006,8.25953e-005
0.000181627,2.46553e-006,4.10922e-007,0,1.23276e-006,8.21843e-007,3.57502e-005,0.00187791,1.23276e-006,8.62935e-006,0,0.00059296,4.52014e-006,9.04028e-006,8.34171e-005
5.05434e-005,2.87645e-006,4.10922e-007,8.62935e-006,4.10922e-007,8.21843e-007,2.0957e-005,0.00175422,8.21843e-007,8.21843e-006,0,0.000556799,4.10922e-006,7.80751e-006,7.72533e-005
0.000160259,3.69829e-006,4.10922e-007,0,1.23276e-006,8.21843e-007,2.30116e-005,0.0018323,1.23276e-006,8.62935e-006,0,0.000593782,4.10922e-006,8.21843e-006,8.25953e-005
0.000170122,2.46553e-006,0,0,4.10922e-007,8.21843e-007,2.13679e-005,0.00182901,1.64369e-006,1.0684e-005,0,0.000606109,4.52014e-006,1.31495e-005,8.3828e-005
0.000183682,1.23276e-005,0,0,1.23276e-006,8.21843e-007,2.87645e-005,0.00182983,1.23276e-006,8.21843e-006,0,0.000595015,4.52014e-006,8.21843e-006,8.21843e-005
4.64341e-005,2.05461e-006,4.10922e-007,0,8.21843e-007,4.10922e-007,2.13679e-005,0.00191407,1.64369e-006,8.62935e-006,0,0.000594193,4.52014e-006,1.19167e-005,8.30062e-005
4.47905e-005,5.7529e-005,4.10922e-007,4.10922e-007,1.23276e-006,8.21843e-007,2.42444e-005,0.001866,8.21843e-007,8.62935e-006,0,0.000611862,4.52014e-006,8.21843e-006,8.25953e-005
0.000147932,2.87645e-006,4.10922e-007,4.10922e-007,8.21843e-007,8.21843e-007,2.30116e-005,0.00182655,1.23276e-006,8.62935e-006,0,0.000596658,4.52014e-006,8.21843e-006,8.25953e-005
0.000177107,2.46553e-006,4.10922e-007,0,8.21843e-007,8.21843e-007,2.17788e-005,0.00184463,1.23276e-006,8.62935e-006,0,0.000604877,4.10922e-006,8.21843e-006,8.17734e-005
0.000152041,3.28737e-006,4.10922e-007,0,1.23276e-006,8.21843e-007,2.46553e-005,0.00184257,1.23276e-006,8.62935e-006,4.10922e-007,0.000602,4.10922e-006,8.21843e-006,8.25953e-005
0.000186969,2.46553e-006,4.10922e-007,0,8.21843e-007,8.21843e-007,2.13679e-005,0.00188654,8.21843e-007,8.62935e-006,0,0.00059296,4.52014e-006,8.21843e-006,8.21843e-005
0.000189435,9.4512e-006,4.10922e-007,4.10922e-007,1.64369e-006,8.21843e-007,2.50662e-005,0.0018249,8.21843e-007,9.04028e-006,0,0.000595015,4.52014e-006,8.21843e-006,8.30062e-005
0.000161903,2.05461e-006,0,0,4.10922e-007,8.21843e-007,2.13679e-005,0.00189353,2.05461e-006,9.04028e-006,0,0.000596658,4.52014e-006,1.27386e-005,8.30062e-005
0.000136015,3.69829e-006,0,0,1.23276e-006,8.21843e-007,2.46553e-005,0.00180025,1.23276e-006,8.21843e-006,4.10922e-007,0.000571181,4.10922e-006,1.64369e-005,7.8486e-005
0.000144233,3.28737e-006,0,4.10922e-007,1.23276e-006,8.21843e-007,2.38335e-005,0.00182203,8.21843e-007,8.62935e-006,0,0.000596658,4.10922e-006,8.21843e-006,8.30062e-005
0.00015163,2.87645e-006,4.10922e-007,0,8.21843e-007,8.21843e-007,2.34225e-005,0.00182696,8.21843e-007,8.62935e-006,0,0.000612273,4.10922e-006,8.21843e-006,8.25953e-005
0.000151219,2.87645e-006,0,2.05461e-005,1.23276e-006,1.64369e-006,2.42444e-005,0.00182819,8.21843e-007,8.62935e-006,0.000383801,0.000597891,4.52014e-006,8.62935e-006,8.21843e-005
4.56123e-005,2.87645e-006,0,2.05461e-005,1.23276e-006,9.04028e-006,2.26007e-005,0.00182367,1.23276e-006,9.04028e-006,0.000370651,0.000594193,4.10922e-006,8.21843e-006,8.17734e-005
0.00015615,2.87645e-006,0,1.97242e-005,1.23276e-006,1.64369e-006,2.30116e-005,0.00177313,1.23276e-006,7.80751e-006,0.000357091,0.000597891,4.10922e-006,8.21843e-006,8.30062e-005
0.000138481,2.05461e-006,0,2.0957e-005,8.21843e-007,1.23276e-006,2.0957e-005,0.00195229,2.46553e-006,1.0684e-005,0.000389554,0.000623779,4.10922e-006,1.23276e-005,7.93079e-005
0.000176696,3.28737e-006,4.10922e-007,2.13679e-005,1.64369e-006,2.05461e-006,2.38335e-005,0.00196873,1.23276e-006,8.21843e-006,0.000341887,0.00062419,4.52014e-006,8.21843e-006,8.25953e-005
4.43795e-005,1.39713e-005,0,2.05461e-005,8.21843e-007,1.64369e-006,2.26007e-005,0.00180312,1.23276e-006,8.62935e-006,0.000361611,0.000597069,4.52014e-006,8.21843e-006,8.25953e-005
0.000154507,2.87645e-006,0,2.05461e-005,1.64369e-006,1.64369e-006,2.38335e-005,0.00176984,8.21843e-007,8.21843e-006,0.000341065,0.0005794,4.10922e-006,7.39659e-006,7.8486e-005
0.000186148,4.52014e-006,0,2.13679e-005,1.23276e-006,1.64369e-006,2.46553e-005,0.00177847,1.23276e-006,8.21843e-006,0.000340654,0.000580632,4.10922e-006,7.39659e-006,7.8486e-005
0.000162725,3.28737e-006,4.10922e-007,2.13679e-005,1.23276e-006,2.05461e-006,2.50662e-005,0.00181915,1.23276e-006,8.62935e-006,0.000361611,0.000598302,4.52014e-006,7.80751e-006,8.30062e-005
0.000166423,3.69829e-006,0,2.05461e-005,1.23276e-006,1.64369e-006,2.34225e-005,0.00179614,8.21843e-007,8.62935e-006,0.000342298,0.000580632,4.10922e-006,7.39659e-006,7.8486e-005
0.000152452,2.46553e-006,4.10922e-007,2.0957e-005,8.21843e-007,8.21843e-007,2.17788e-005,0.00195065,2.05461e-006,9.04028e-006,0.000363255,0.000599946,4.52014e-006,1.23276e-005,8.46499e-005
0.000168889,3.28737e-006,4.10922e-007,2.17788e-005,1.23276e-006,1.64369e-006,2.42444e-005,0.0018249,8.21843e-007,8.62935e-006,0.000367775,0.000610219,4.10922e-006,8.21843e-006,8.25953e-005
4.64341e-005,2.87645e-006,0,2.13679e-005,8.21843e-007,1.23276e-006,2.34225e-005,0.00189394,1.35604e-005,1.60259e-005,0.00044133,0.000590494,4.10922e-006,8.62935e-006,8.30062e-005
4.76669e-005,6.57475e-006,4.10922e-007,2.17788e-005,8.21843e-007,1.23276e-006,2.17788e-005,0.0017908,8.21843e-007,8.62935e-006,0.000362022,0.000610219,4.10922e-006,7.80751e-006,8.21843e-005
0.000168067,3.69829e-006,0,2.13679e-005,1.23276e-006,1.64369e-006,2.30116e-005,0.00189435,1.23276e-006,8.62935e-006,0.000362022,0.000591316,4.10922e-006,7.80751e-006,8.30062e-005
0.000158616,3.69829e-006,0,2.13679e-005,1.23276e-006,8.21843e-007,2.26007e-005,0.00182408,1.23276e-006,8.62935e-006,0.000363255,0.00058844,4.10922e-006,7.39659e-006,8.21843e-005
0.000170532,4.10922e-006,4.10922e-007,2.17788e-005,1.23276e-006,1.23276e-006,2.38335e-005,0.00181504,1.23276e-006,8.62935e-006,0.000352571,0.000573236,3.69829e-006,7.39659e-006,7.80751e-005
0.000174642,2.05461e-006,4.10922e-007,2.17788e-005,8.21843e-007,1.23276e-006,2.13679e-005,0.00181627,1.23276e-006,8.21843e-006,0.000362022,0.000586385,4.10922e-006,7.39659e-006,8.17734e-005
0.000171354,3.28737e-006,8.21843e-007,0,1.23276e-006,1.64369e-006,2.46553e-005,0.00182614,8.21843e-007,8.62935e-006,0,0.000594604,4.10922e-006,8.21843e-006,8.25953e-005
0.000147521,2.05461e-006,4.10922e-007,0,4.10922e-007,1.23276e-006,2.13679e-005,0.00186189,8.21843e-007,8.62935e-006,0,0.000585563,4.52014e-006,8.21843e-006,8.21843e-005
0.000156561,3.69829e-006,4.10922e-007,0,1.23276e-006,1.64369e-006,2.30116e-005,0.00175792,8.21843e-007,7.80751e-006,0,0.000561319,4.10922e-006,8.21843e-006,9.65666e-005
0.000158616,2.46553e-006,0,0,8.21843e-007,8.21843e-007,2.17788e-005,0.00184997,1.64369e-006,8.62935e-006,0,0.000588851,4.10922e-006,1.23276e-005,8.3828e-005
0.000154096,2.87645e-006,0,0,1.64369e-006,2.05461e-006,3.20519e-005,0.00183435,8.21843e-007,9.04028e-006,0,0.000587207,4.52014e-006,8.21843e-006,8.30062e-005
4.7256e-005,3.28737e-006,4.10922e-007,4.10922e-007,8.21843e-007,1.64369e-006,2.42444e-005,0.00181997,1.23276e-006,8.62935e-006,4.10922e-007,0.000586796,4.52014e-006,8.21843e-006,8.25953e-005
4.56123e-005,2.87645e-006,0,0,8.21843e-007,8.21843e-007,2.26007e-005,0.00182244,1.23276e-006,8.21843e-006,4.10922e-007,0.000551457,4.52014e-006,1.5615e-005,8.71154e-005
0.000131084,2.46553e-006,4.10922e-007,0,1.23276e-006,2.05461e-006,2.87645e-005,0.00179819,8.21843e-007,9.04028e-006,0,0.000586796,4.10922e-006,8.21843e-006,8.3828e-005
0.000179162,1.64369e-006,4.10922e-007,0,4.10922e-007,1.23276e-006,2.13679e-005,0.00184339,1.23276e-006,9.04028e-006,0,0.000621724,4.93106e-006,1.47932e-005,9.28683e-005
4.68451e-005,3.28737e-006,4.10922e-007,0,1.23276e-006,1.64369e-006,2.38335e-005,0.00184422,8.21843e-007,9.04028e-006,4.10922e-007,0.000586796,4.52014e-006,8.62935e-006,8.30062e-005
0.000175053,2.05461e-006,0,0,4.10922e-007,1.23276e-006,4.43795e-005,0.00189476,2.46553e-006,8.62935e-006,0,0.000600356,4.52014e-006,1.39713e-005,8.3828e-005
0.000158205,3.69829e-006,4.10922e-007,4.10922e-007,1.23276e-006,1.64369e-006,2.26007e-005,0.0018023,8.21843e-007,9.04028e-006,4.10922e-007,0.000587207,4.52014e-006,8.21843e-006,8.30062e-005
0.000138481,2.87645e-006,0,0,1.23276e-006,1.64369e-006,2.38335e-005,0.00182203,8.21843e-007,9.04028e-006,4.10922e-007,0.000605699,4.10922e-006,7.39659e-006,7.68423e-005
4.84888e-005,2.87645e-006,8.21843e-007,4.10922e-007,1.23276e-006,1.64369e-006,2.42444e-005,0.00179943,1.23276e-006,8.62935e-006,0,0.00057077,4.10922e-006,7.39659e-006,9.24574e-005
0.000156972,2.87645e-006,4.10922e-007,0,1.23276e-006,1.64369e-006,2.21898e-005,0.00178217,8.21843e-007,8.21843e-006,4.10922e-007,0.000560908,4.10922e-006,1.60259e-005,8.75263e-005
0.00014711,1.64369e-006,4.10922e-007,0,8.21843e-007,1.23276e-006,2.0957e-005,0.0017645,1.23276e-006,8.21843e-006,0,0.000551457,4.10922e-006,7.80751e-006,7.72533e-005
0.000152452,3.69829e-006,4.10922e-007,0,1.23276e-006,1.64369e-006,2.42444e-005,0.00196462,1.23276e-006,8.21843e-006,0,0.000589673,4.10922e-006,9.04028e-006,8.25953e-005
0.000155739,2.46553e-006,0,4.10922e-007,8.21843e-007,1.23276e-006,2.13679e-005,0.00184175,2.05461e-006,9.04028e-006,0,0.000588851,4.52014e-006,1.15058e-005,8.42389e-005
0.000174642,2.46553e-005,4.10922e-007,4.10922e-007,1.23276e-006,1.64369e-006,2.46553e-005,0.00188284,1.23276e-006,8.21843e-006,0,0.0006998,4.10922e-006,1.68478e-005,0.000116291
4.56123e-005,3.28737e-006,0,4.10922e-007,1.23276e-006,1.23276e-006,2.91754e-005,0.00181833,1.23276e-006,8.62935e-006,0,0.000585974,4.10922e-006,8.21843e-006,8.34171e-005
0.000123687,3.69829e-006,4.10922e-007,0,1.64369e-006,2.05461e-006,2.46553e-005,0.00183066,1.23276e-006,8.62935e-006,0,0.00057529,4.10922e-006,8.62935e-006,8.71154e-005
0.000161492,4.93106e-006,4.10922e-007,4.10922e-007,1.23276e-006,2.46553e-006,2.21898e-005,0.00173491,8.21843e-007,8.21843e-006,0,0.000554333,4.10922e-006,8.21843e-006,9.65666e-005
4.43795e-005,3.69829e-006,0,0,1.23276e-006,1.64369e-006,2.21898e-005,0.0018286,1.23276e-006,8.62935e-006,0,0.000587207,4.52014e-006,8.21843e-006,8.21843e-005
4.31468e-005,2.87645e-006,4.10922e-007,4.10922e-007,1.23276e-006,1.64369e-006,2.91754e-005,0.00182572,1.23276e-006,8.62935e-006,0,0.000587207,4.10922e-006,8.21843e-006,8.30062e-005
0.000185326,2.46553e-006,0,0,4.10922e-007,8.21843e-007,2.17788e-005,0.00198064,1.64369e-006,9.04028e-006,0,0.00058844,4.52014e-006,1.31495e-005,8.3828e-005
0.000152452,3.69829e-006,0,0,1.23276e-006,8.21843e-007,2.38335e-005,0.00192106,1.23276e-006,8.62935e-006,0,0.000589673,4.10922e-006,8.21843e-006,8.34171e-005
6.2871e-005,4.10922e-006,0,0,8.21843e-007,8.21843e-007,2.30116e-005,0.0018286,1.23276e-006,8.62935e-006,0,0.000592138,4.10922e-006,8.62935e-006,9.69775e-005
0.000149165,4.93106e-006,4.10922e-007,0,1.23276e-006,8.21843e-007,2.75318e-005,0.00177066,1.23276e-006,8.62935e-006,0,0.000587207,4.10922e-006,8.21843e-006,8.30062e-005
0.000168478,3.69829e-006,0,0,8.21843e-007,8.21843e-007,2.42444e-005,0.00181668,8.21843e-007,8.62935e-006,0,0.000595015,4.10922e-006,8.21843e-006,8.30062e-005
4.52014e-005,0.000138481,0,0,8.21843e-007,8.21843e-007,2.26007e-005,0.00181381,1.23276e-006,8.62935e-006,0,0.000587207,4.10922e-006,8.21843e-006,8.17734e-005
0.000170122,3.28737e-006,4.10922e-007,0,1.23276e-006,8.21843e-007,2.34225e-005,0.00181586,1.23276e-006,8.62935e-006,0,0.000587618,4.10922e-006,8.21843e-006,8.25953e-005
0.000147932,2.05461e-006,4.10922e-007,0,8.21843e-007,8.21843e-007,2.54771e-005,0.00184874,1.64369e-006,8.62935e-006,0,0.000590083,4.52014e-006,1.27386e-005,8.42389e-005
0.000143412,4.52014e-006,0,0,1.23276e-006,8.21843e-007,2.50662e-005,0.00183066,8.21843e-007,8.62935e-006,0,0.000621314,4.52014e-006,9.4512e-006,8.34171e-005
4.43795e-005,2.46553e-006,4.10922e-007,4.10922e-007,8.21843e-007,8.21843e-007,2.38335e-005,0.00191037,1.23276e-006,8.62935e-006,0,0.000592549,4.52014e-006,8.62935e-006,8.34171e-005
0.000168067,2.05461e-006,4.10922e-007,0,4.10922e-007,8.21843e-007,1.97242e-005,0.00193914,1.23276e-006,8.21843e-006,0,0.000587207,4.10922e-006,9.04028e-006,8.21843e-005
0.000143823,3.28737e-006,4.10922e-007,4.10922e-007,8.21843e-007,8.21843e-007,2.38335e-005,0.00182819,1.23276e-006,8.62935e-006,0,0.000588029,4.52014e-006,8.21843e-006,8.3828e-005
0.000174642,2.46553e-006,0,0,8.21843e-007,8.21843e-007,2.13679e-005,0.00181792,8.21843e-007,8.62935e-006,0,0.000584331,4.10922e-006,8.21843e-006,8.30062e-005
0.000146288,3.28737e-006,4.10922e-007,0,8.21843e-007,8.21843e-007,2.46553e-005,0.00182367,1.23276e-006,8.62935e-006,0,0.00058844,4.10922e-006,8.21843e-006,8.25953e-005
4.39686e-005,2.05461e-006,0,4.10922e-007,8.21843e-007,8.21843e-007,2.13679e-005,0.00191654,1.64369e-006,8.62935e-006,0,0.000587618,4.10922e-006,1.19167e-005,8.3828e-005
4.52014e-005,4.10922e-006,0,0,1.23276e-006,4.10922e-007,2.26007e-005,0.00176902,1.23276e-006,8.21843e-006,0,0.000595836,4.10922e-006,7.80751e-006,8.917e-005
0.000167245,3.69829e-006,4.10922e-007,0,1.23276e-006,8.21843e-007,2.30116e-005,0.00183025,1.23276e-006,8.62935e-006,0,0.000665693,4.93106e-006,4.02703e-005,8.75263e-005
0.000138892,4.52014e-006,0,4.10922e-007,1.23276e-006,8.21843e-007,2.46553e-005,0.00182737,8.21843e-007,8.62935e-006,0,0.000622546,5.34198e-006,9.86212e-006,0.000148754
0.0001693,3.28737e-006,4.10922e-007,0,1.23276e-006,1.23276e-006,2.38335e-005,0.00183189,8.21843e-007,8.62935e-006,0,0.000587207,4.10922e-006,8.62935e-006,8.25953e-005
0.000160259,2.05461e-006,0,0,8.21843e-007,4.10922e-007,2.38335e-005,0.00177806,8.21843e-007,8.62935e-006,0,0.000585974,4.10922e-006,8.62935e-006,8.25953e-005
0.000143823,4.93106e-006,4.10922e-007,0,8.21843e-007,1.23276e-006,2.50662e-005,0.00182162,1.23276e-006,9.04028e-006,0,0.000594604,4.10922e-006,8.62935e-006,8.30062e-005
0.000168067,2.05461e-006,0,4.10922e-007,4.10922e-007,8.21843e-007,2.17788e-005,0.00184381,2.05461e-006,9.04028e-006,0,0.000588851,4.10922e-006,1.31495e-005,8.42389e-005
0.000186969,3.69829e-006,0,0,8.21843e-007,8.21843e-007,2.30116e-005,0.00175505,8.21843e-007,8.21843e-006,0,0.000553511,4.10922e-006,8.21843e-006,0.000106018
0.000185737,2.46553e-006,4.10922e-007,0,1.23276e-006,8.21843e-007,2.26007e-005,0.00180888,8.21843e-007,8.62935e-006,0,0.000611451,4.10922e-006,9.04028e-006,8.30062e-005
0.00017382,2.46553e-006,0,0,8.21843e-007,8.21843e-007,2.21898e-005,0.0018249,8.21843e-007,8.62935e-006,0,0.000590083,4.10922e-006,8.21843e-006,8.25953e-005
4.27359e-005,2.87645e-006,4.10922e-007,0,8.21843e-007,8.21843e-007,2.26007e-005,0.0017986,1.23276e-006,8.21843e-006,0,0.000567894,1.23276e-005,7.80751e-006,7.8486e-005
0.000180806,2.05461e-006,0,0,1.23276e-006,4.10922e-007,2.13679e-005,0.00178956,1.23276e-006,7.80751e-006,0,0.000581043,3.69829e-006,7.80751e-006,9.20464e-005
0.000163547,3.28737e-006,4.10922e-007,0,1.23276e-006,8.21843e-007,2.26007e-005,0.00178463,1.23276e-006,8.62935e-006,0,0.000595015,4.10922e-006,8.62935e-006,8.30062e-005
0.000182038,2.05461e-006,0,0,8.21843e-007,4.10922e-007,2.13679e-005,0.00190503,2.46553e-006,9.04028e-006,0,0.000629121,4.52014e-006,1.27386e-005,8.34171e-005
0.000154096,3.28737e-006,4.10922e-007,4.10922e-007,1.23276e-006,8.21843e-007,2.38335e-005,0.00196379,1.23276e-006,8.62935e-006,0,0.000595015,4.52014e-006,8.62935e-006,8.30062e-005
6.24601e-005,4.10922e-006,0,4.10922e-007,1.23276e-006,8.21843e-007,2.21898e-005,0.0017645,8.21843e-007,8.21843e-006,0,0.000581043,4.52014e-006,7.80751e-006,8.30062e-005
0.000173409,2.87645e-006,4.10922e-007,0,8.21843e-007,8.21843e-007,2.38335e-005,0.00182737,8.21843e-007,8.21843e-006,4.10922e-007,0.000560497,4.52014e-006,8.21843e-006,8.71154e-005
4.64341e-005,2.87645e-006,0,0,8.21843e-007,8.21843e-007,2.30116e-005,0.0018249,1.23276e-006,8.21843e-006,0,0.00059748,4.10922e-006,8.21843e-006,8.25953e-005
0.000149165,2.87645e-006,4.10922e-007,0,4.10922e-007,8.21843e-007,2.0957e-005,0.00182244,1.23276e-006,8.62935e-006,0,0.000593371,4.10922e-006,7.80751e-006,8.17734e-005
0.00014259,3.28737e-006,0,0,1.23276e-006,8.21843e-007,2.38335e-005,0.00182038,8.21843e-007,8.62935e-006,0,0.000591727,4.10922e-006,1.5615e-005,9.04028e-005
0.000154096,2.05461e-006,0,0,8.21843e-007,8.21843e-007,2.05461e-005,0.00182326,1.23276e-006,8.62935e-006,0,0.000614739,4.10922e-006,8.21843e-006,8.21843e-005
4.27359e-005,1.10949e-005,4.10922e-007,4.10922e-007,8.21843e-007,8.21843e-007,2.26007e-005,0.00175176,1.23276e-006,8.21843e-006,0,0.000563785,4.10922e-006,7.80751e-006,9.65666e-005
0.000162314,2.05461e-006,0,4.10922e-007,4.10922e-007,8.21843e-007,2.05461e-005,0.00186641,2.05461e-006,9.4512e-006,4.10922e-007,0.000600356,4.52014e-006,1.35604e-005,8.42389e-005
0.000163958,3.69829e-006,0,0,8.21843e-007,8.21843e-007,2.30116e-005,0.00180189,1.23276e-006,8.21843e-006,0,0.000660762,4.10922e-006,8.62935e-006,8.21843e-005
0.000183682,9.04028e-006,0,2.0957e-005,1.23276e-006,1.23276e-006,2.30116e-005,0.00202297,1.23276e-006,9.04028e-006,0.000430646,0.000582687,4.52014e-006,8.21843e-006,8.30062e-005
0.00017382,2.46553e-006,0,2.0957e-005,8.21843e-007,1.23276e-006,2.21898e-005,0.00194407,1.23276e-006,9.04028e-006,0.000427769,0.000598302,4.10922e-006,8.21843e-006,8.25953e-005
0.000151219,4.10922e-006,4.10922e-007,2.01352e-005,1.23276e-006,1.64369e-006,2.30116e-005,0.00175505,1.23276e-006,8.21843e-006,0.000404758,0.000581865,4.10922e-006,7.80751e-006,7.80751e-005
0.000143412,2.46553e-006,0,2.0957e-005,1.23276e-006,1.23276e-006,2.21898e-005,0.00181627,1.23276e-006,8.21843e-006,0.00042818,0.000595425,4.10922e-006,7.80751e-006,8.17734e-005
0.000131495,3.69829e-006,0,2.13679e-005,8.21843e-007,1.64369e-006,2.38335e-005,0.001836,9.04028e-006,9.04028e-006,0.000403936,0.000602822,4.10922e-006,8.62935e-006,8.30062e-005
0.000186969,2.05461e-006,0,1.97242e-005,8.21843e-007,1.23276e-006,2.0957e-005,0.00195722,2.05461e-006,8.62935e-006,0.00042818,0.000598713,4.52014e-006,1.23276e-005,8.34171e-005
0.000154917,2.87645e-006,0,2.21898e-005,1.23276e-006,2.05461e-006,2.50662e-005,0.00181833,1.23276e-006,9.04028e-006,0.00042366,0.00058392,4.10922e-006,7.80751e-006,7.80751e-005
4.56123e-005,3.28737e-006,4.10922e-007,2.13679e-005,1.23276e-006,1.64369e-006,2.30116e-005,0.0017682,8.21843e-007,8.21843e-006,0.000431468,0.000589262,4.10922e-006,7.80751e-006,7.8486e-005
0.000167656,4.52014e-006,4.10922e-007,2.13679e-005,1.23276e-006,2.05461e-006,2.38335e-005,0.00183887,8.21843e-007,8.62935e-006,0.000427769,0.00059296,4.52014e-006,8.21843e-006,8.30062e-005
0.000190257,2.87645e-006,0,2.79427e-005,1.23276e-006,1.64369e-006,2.30116e-005,0.00180888,1.23276e-006,8.62935e-006,0.000428591,0.000593371,4.52014e-006,8.21843e-006,8.25953e-005
0.000167245,4.52014e-006,4.10922e-007,2.17788e-005,1.23276e-006,2.05461e-006,2.42444e-005,0.00193421,2.46553e-006,9.04028e-006,0.000431879,0.000597069,4.93106e-006,1.35604e-005,8.34171e-005
0.000130673,4.52014e-006,0,2.13679e-005,1.23276e-006,2.46553e-006,2.46553e-005,0.0018212,1.23276e-006,8.62935e-006,0.000430235,0.000582276,4.52014e-006,7.80751e-006,7.8486e-005
0.000152041,3.69829e-006,4.10922e-007,2.13679e-005,1.23276e-006,1.64369e-006,2.38335e-005,0.00182162,1.23276e-006,8.62935e-006,0.000429824,0.000590905,4.10922e-006,7.80751e-006,7.80751e-005
0.000186969,3.69829e-006,4.10922e-007,2.01352e-005,1.23276e-006,1.64369e-006,2.21898e-005,0.00174847,1.23276e-006,8.21843e-006,0.000403114,0.000599946,4.10922e-006,7.80751e-006,8.46499e-005
4.39686e-005,3.28737e-006,0,2.13679e-005,8.21843e-007,1.64369e-006,2.42444e-005,0.00181915,8.21843e-007,9.04028e-006,0.00042818,0.000624601,4.52014e-006,9.04028e-006,8.34171e-005
0.000181627,2.05461e-006,4.10922e-007,2.01352e-005,8.21843e-007,8.21843e-007,1.93133e-005,0.00177888,8.21843e-007,7.80751e-006,0.000412565,0.000629121,4.10922e-006,8.62935e-006,8.21843e-005
0.00013807,4.93106e-006,4.10922e-007,2.21898e-005,1.64369e-006,1.64369e-006,2.46553e-005,0.00182942,1.23276e-006,8.62935e-006,0.000430235,0.000592138,4.52014e-006,8.21843e-006,8.30062e-005
4.52014e-005,2.46553e-006,4.10922e-007,0,8.21843e-007,1.23276e-006,2.75318e-005,0.00189764,2.05461e-006,9.04028e-006,0,0.000590905,4.93106e-006,1.43823e-005,8.42389e-005
0.000137248,4.52014e-006,0,0,1.23276e-006,2.46553e-006,2.34225e-005,0.00172258,1.23276e-006,7.80751e-006,4.10922e-007,0.000539951,4.10922e-006,7.39659e-006,0.000101087
0.000131084,3.28737e-006,4.10922e-007,4.10922e-007,1.23276e-006,1.64369e-006,2.34225e-005,0.00174683,8.21843e-007,8.21843e-006,0,0.000555155,4.10922e-006,1.60259e-005,0.000101909
0.000180806,2.46553e-006,0,0,8.21843e-007,1.23276e-006,2.05461e-005,0.00177025,8.21843e-007,8.21843e-006,0,0.000578167,4.10922e-006,8.62935e-006,8.25953e-005
0.000160259,4.52014e-006,4.10922e-007,4.10922e-007,1.64369e-006,2.46553e-006,2.34225e-005,0.00188983,1.23276e-006,8.62935e-006,0,0.000588029,4.10922e-006,8.62935e-006,8.30062e-005
0.000165601,2.87645e-006,0,4.10922e-007,8.21843e-007,8.21843e-007,2.17788e-005,0.00182819,1.23276e-006,8.21843e-006,0,0.000585152,4.10922e-006,8.21843e-006,8.17734e-005
0.000183682,3.28737e-006,4.10922e-007,0,1.23276e-006,1.23276e-006,2.30116e-005,0.00175217,1.23276e-006,8.21843e-006,4.10922e-007,0.000560497,4.10922e-006,7.80751e-006,9.65666e-005
0.000194366,1.64369e-006,0,0,8.21843e-007,8.21843e-007,1.93133e-005,0.0019227,2.05461e-006,8.62935e-006,0,0.000589673,4.52014e-006,1.27386e-005,8.30062e-005
0.000141768,3.69829e-006,4.10922e-007,0,1.23276e-006,1.64369e-006,2.30116e-005,0.00181997,8.21843e-007,8.62935e-006,0,0.000585974,4.52014e-006,7.80751e-006,9.77993e-005
5.13652e-005,3.69829e-006,4.10922e-007,0,1.23276e-006,1.23276e-006,2.38335e-005,0.00183312,1.23276e-006,8.62935e-006,0,0.000588029,4.10922e-006,8.21843e-006,8.34171e-005
0.000148343,4.52014e-006,0,0,1.23276e-006,9.86212e-006,2.46553e-005,0.00182367,1.23276e-006,8.62935e-006,0,0.000596247,4.52014e-006,8.21843e-006,8.30062e-005
4.76669e-005,3.69829e-006,0,0,1.23276e-006,1.64369e-006,2.38335e-005,0.00182449,8.21843e-007,9.04028e-006,4.10922e-007,0.000587618,4.10922e-006,8.21843e-006,8.21843e-005
0.000133139,3.28737e-006,4.10922e-007,0,8.21843e-007,1.23276e-006,2.21898e-005,0.00181668,1.23276e-006,8.62935e-006,0,0.000586385,4.10922e-006,8.21843e-006,8.21843e-005
0.000173409,3.28737e-006,4.10922e-007,0,1.23276e-006,1.23276e-006,2.42444e-005,0.00181792,8.21843e-007,8.62935e-006,0,0.00058844,4.10922e-006,8.21843e-006,8.25953e-005
0.000138892,2.05461e-006,0,0,8.21843e-007,1.23276e-006,2.17788e-005,0.00182572,8.21843e-007,8.21843e-006,0,0.000607753,4.93106e-006,1.39713e-005,0.000107251
0.000161903,5.7529e-006,0,0,1.64369e-006,2.05461e-006,2.42444e-005,0.00174765,1.23276e-006,7.80751e-006,0,0.000537896,4.10922e-006,8.21843e-006,9.4512e-005
4.47905e-005,2.05461e-006,0,0,8.21843e-007,1.23276e-006,2.17788e-005,0.00181915,2.05461e-006,8.62935e-006,0,0.000554744,4.52014e-006,1.35604e-005,7.8486e-005
0.000161903,4.52014e-006,0,0,1.23276e-006,2.05461e-006,2.42444e-005,0.00194119,1.23276e-006,8.62935e-006,0,0.000587618,4.52014e-006,8.21843e-006,8.25953e-005
0.00014711,2.87645e-006,4.10922e-007,0,8.21843e-007,1.23276e-006,2.30116e-005,0.00186723,8.21843e-007,8.21843e-006,0,0.000596658,4.52014e-006,8.21843e-006,8.34171e-005
0.00015615,3.69829e-006,0,4.10922e-007,1.64369e-006,2.05461e-006,2.34225e-005,0.00191325,1.23276e-006,8.62935e-006,0,0.000589673,4.52014e-006,9.4512e-006,8.25953e-005
0.000170943,2.87645e-006,0,0,1.23276e-006,1.23276e-006,2.83536e-005,0.00194078,1.23276e-006,9.04028e-006,0,0.000588029,4.52014e-006,8.21843e-006,8.13625e-005
0.000177518,3.28737e-006,0,0,1.23276e-006,1.23276e-006,2.26007e-005,0.00184874,1.23276e-006,8.62935e-006,0,0.000604877,3.69829e-006,7.80751e-006,7.51987e-005
0.000156561,3.28737e-006,4.10922e-007,4.10922e-007,1.23276e-006,2.05461e-006,2.30116e-005,0.00175381,8.21843e-007,8.21843e-006,0,0.000572825,4.10922e-006,7.80751e-006,7.56096e-005
0.000138892,2.05461e-006,0,0,4.10922e-007,1.23276e-006,2.13679e-005,0.00186558,1.23276e-006,9.04028e-006,4.10922e-007,0.000645147,4.93106e-006,1.19167e-005,0.000104374
0.000133139,4.93106e-006,4.10922e-007,0,1.23276e-006,1.23276e-006,2.91754e-005,0.00183559,8.21843e-007,8.62935e-006,0,0.000591316,4.52014e-006,8.21843e-006,8.05406e-005
6.12273e-005,3.28737e-006,4.10922e-007,0,1.23276e-006,8.21843e-007,2.46553e-005,0.00187997,1.64369e-006,8.62935e-006,0,0.000589262,4.52014e-006,8.62935e-006,8.05406e-005
0.00014711,5.34198e-006,0,0,1.23276e-006,8.21843e-007,2.26007e-005,0.00175422,1.23276e-006,8.21843e-006,0,0.000554744,4.10922e-006,1.64369e-005,8.67045e-005
0.000131495,3.69829e-006,0,4.10922e-007,8.21843e-007,8.21843e-007,2.42444e-005,0.00182367,8.21843e-007,8.62935e-006,0,0.000594193,4.52014e-006,8.21843e-006,8.01297e-005
4.15031e-005,3.69829e-006,4.10922e-007,0,8.21843e-007,4.10922e-007,2.46553e-005,0.0019416,8.21843e-007,8.62935e-006,0,0.00059296,4.10922e-006,8.62935e-006,7.93079e-005
4.64341e-005,3.69829e-006,0,0,1.23276e-006,8.21843e-007,2.38335e-005,0.00184709,1.23276e-006,8.62935e-006,0,0.000588029,4.10922e-006,8.21843e-006,8.05406e-005
0.000185326,2.05461e-006,0,0,4.10922e-007,8.21843e-007,2.01352e-005,0.00206365,1.64369e-006,9.4512e-006,0,0.00058844,4.93106e-006,1.23276e-005,8.13625e-005
4.84888e-005,5.34198e-006,0,0,1.23276e-006,8.21843e-007,2.30116e-005,0.00181422,8.21843e-007,8.62935e-006,0,0.000590494,4.52014e-006,8.21843e-006,8.17734e-005
6.24601e-005,4.52014e-006,4.10922e-007,4.10922e-007,1.23276e-006,1.23276e-006,2.87645e-005,0.00182038,8.21843e-007,8.21843e-006,0,0.000589262,4.10922e-006,8.21843e-006,8.25953e-005
0.000163547,5.7529e-006,0,0,1.23276e-006,8.21843e-007,2.50662e-005,0.00180518,1.23276e-006,8.21843e-006,4.10922e-007,0.000572414,4.10922e-006,7.80751e-006,7.60205e-005
0.000171765,2.87645e-006,0,0,8.21843e-007,8.21843e-007,2.26007e-005,0.00183271,1.23276e-006,8.62935e-006,4.10922e-007,0.000595836,4.10922e-006,8.21843e-006,8.05406e-005
0.000154507,2.46553e-006,0,0,8.21843e-007,8.21843e-007,2.13679e-005,0.00181668,1.23276e-006,8.62935e-006,0,0.000587207,4.52014e-006,7.80751e-006,8.01297e-005
0.000155328,2.87645e-006,4.10922e-007,0,1.23276e-006,8.21843e-007,2.30116e-005,0.00182449,1.23276e-006,8.62935e-006,0,0.00058844,4.10922e-006,8.21843e-006,8.13625e-005
0.000178751,1.43823e-005,0,0,8.21843e-007,8.21843e-007,1.97242e-005,0.00174025,1.23276e-006,7.80751e-006,0,0.000535842,3.69829e-006,1.47932e-005,7.27331e-005
0.000152863,2.87645e-006,0,0,1.23276e-006,8.21843e-007,2.26007e-005,0.00182038,1.23276e-006,8.62935e-006,0,0.000596658,4.52014e-006,8.62935e-006,8.09516e-005
0.000175874,1.64369e-006,0,0,4.10922e-007,8.21843e-007,2.0957e-005,0.00198968,2.05461e-006,8.62935e-006,0,0.000601178,4.52014e-006,1.27386e-005,8.13625e-005
0.000154096,3.69829e-006,0,0,1.23276e-006,8.21843e-007,2.38335e-005,0.00183271,8.21843e-007,8.62935e-006,0,0.000595425,4.10922e-006,8.21843e-006,8.21843e-005
0.000160259,2.46553e-006,4.10922e-007,0,8.21843e-007,8.21843e-007,2.42444e-005,0.00183805,8.21843e-007,8.62935e-006,0,0.000593782,4.10922e-006,8.62935e-006,8.13625e-005
0.000172176,3.28737e-006,0,0,1.23276e-006,8.21843e-007,2.38335e-005,0.00182449,1.23276e-006,8.62935e-006,0,0.000600767,4.52014e-006,8.62935e-006,8.34171e-005
0.00017382,2.46553e-006,4.10922e-007,4.10922e-007,8.21843e-007,8.21843e-007,2.30116e-005,0.00182285,8.21843e-007,9.04028e-006,4.10922e-007,0.000693225,4.10922e-006,9.04028e-006,8.25953e-005
4.43795e-005,2.46553e-006,4.10922e-007,0,1.23276e-006,8.21843e-007,2.13679e-005,0.00184586,1.23276e-006,8.21843e-006,0,0.000592549,4.10922e-006,8.21843e-006,8.17734e-005
0.000176696,3.28737e-006,0,4.10922e-007,8.21843e-007,8.21843e-007,2.38335e-005,0.00175587,8.21843e-007,8.21843e-006,0,0.000561319,4.10922e-006,7.80751e-006,9.69775e-005
0.000189435,2.05461e-006,0,0,8.21843e-007,4.10922e-007,1.97242e-005,0.00187421,2.05461e-006,9.04028e-006,0,0.000643503,4.52014e-006,1.47932e-005,8.42389e-005
0.000140535,2.87645e-006,0,4.10922e-007,1.23276e-006,1.23276e-006,2.42444e-005,0.00184298,1.23276e-006,8.62935e-006,0,0.000596247,4.10922e-006,8.62935e-006,8.79372e-005
9.90321e-005,3.28737e-006,0,0,8.21843e-007,8.21843e-007,2.30116e-005,0.00183435,1.23276e-006,8.21843e-006,0,0.000595425,4.10922e-006,8.62935e-006,8.25953e-005
0.0001693,2.87645e-006,0,0,8.21843e-007,8.21843e-007,2.46553e-005,0.00182983,1.23276e-006,8.62935e-006,0,0.000605699,4.10922e-006,8.21843e-006,8.25953e-005
0.000148754,2.87645e-006,4.10922e-007,0,8.21843e-007,8.21843e-007,2.42444e-005,0.00183518,8.21843e-007,8.62935e-006,0,0.000597891,4.10922e-006,8.21843e-006,8.21843e-005
4.52014e-005,2.46553e-006,4.10922e-007,2.05461e-005,8.21843e-007,1.23276e-006,2.30116e-005,0.00185038,1.23276e-006,9.04028e-006,0.000578167,0.000599124,4.10922e-006,9.04028e-006,8.25953e-005
4.43795e-005,2.87645e-006,0,2.0957e-005,8.21843e-007,1.64369e-006,2.30116e-005,0.00181915,8.21843e-007,8.62935e-006,0.000585563,0.000596247,4.10922e-006,8.21843e-006,8.30062e-005
0.000154096,2.05461e-006,0,2.0957e-005,8.21843e-007,8.21843e-007,2.13679e-005,0.00190955,1.64369e-006,8.62935e-006,0.000578578,0.000607342,4.52014e-006,1.23276e-005,8.34171e-005
0.000156972,3.69829e-006,0,1.97242e-005,1.64369e-006,1.64369e-006,2.30116e-005,0.00175217,1.23276e-006,8.21843e-006,0.000546526,0.000581454,4.10922e-006,7.80751e-006,7.8897e-005
0.000145877,3.28737e-006,4.10922e-007,2.0957e-005,1.23276e-006,1.23276e-006,2.42444e-005,0.00182162,8.21843e-007,8.62935e-006,0.000580632,0.00058844,4.10922e-006,7.80751e-006,7.8486e-005
4.27359e-005,3.28737e-006,4.10922e-007,2.01352e-005,8.21843e-007,8.21843e-007,2.13679e-005,0.00189229,8.21843e-007,9.04028e-006,0.000577756,0.00059748,4.10922e-006,8.21843e-006,8.25953e-005
5.09543e-005,5.34198e-006,0,2.17788e-005,1.64369e-006,2.05461e-006,2.50662e-005,0.00183929,2.05461e-006,8.62935e-006,0.000586796,0.000600356,4.52014e-006,1.68478e-005,8.62935e-005
4.52014e-005,2.46553e-006,0,2.13679e-005,8.21843e-007,8.21843e-007,2.17788e-005,0.00189188,2.46553e-006,8.62935e-006,0.000607342,0.000592138,4.52014e-006,1.35604e-005,8.3828e-005
0.000161081,5.34198e-006,4.10922e-007,2.17788e-005,1.23276e-006,2.46553e-006,2.46553e-005,0.00181915,1.23276e-006,8.62935e-006,0.000578989,0.000590494,4.52014e-006,8.62935e-006,8.34171e-005
0.000165191,2.87645e-006,0,2.01352e-005,8.21843e-007,1.64369e-006,2.34225e-005,0.0017723,1.23276e-006,8.62935e-006,0.00057981,0.000591727,4.52014e-006,8.62935e-006,8.30062e-005
0.000186148,3.28737e-006,0,2.01352e-005,8.21843e-007,1.23276e-006,2.01352e-005,0.00175751,8.21843e-007,8.21843e-006,0.000544471,0.000595836,3.69829e-006,7.80751e-006,7.68423e-005
0.000168067,4.93106e-006,0,2.17788e-005,1.23276e-006,2.05461e-006,2.46553e-005,0.0018249,8.21843e-007,9.04028e-006,0.000578989,0.000588851,4.10922e-006,8.21843e-006,8.30062e-005
0.000159027,4.10922e-006,0,2.17788e-005,8.21843e-007,8.21843e-007,2.0957e-005,0.0018286,8.21843e-007,8.62935e-006,0.000581043,0.000612273,4.52014e-006,1.43823e-005,8.42389e-005
0.000181216,4.10922e-006,4.10922e-007,2.0957e-005,1.64369e-006,1.64369e-006,2.34225e-005,0.00181833,8.21843e-007,8.62935e-006,0.000587618,0.00058844,4.52014e-006,8.21843e-006,8.30062e-005
4.52014e-005,3.28737e-006,4.10922e-007,2.21898e-005,1.23276e-006,1.64369e-006,2.50662e-005,0.00182614,8.21843e-007,8.62935e-006,0.000578167,0.000587618,4.52014e-006,8.21843e-006,8.30062e-005
0.000189435,2.87645e-006,4.10922e-007,2.21898e-005,8.21843e-007,1.64369e-006,2.34225e-005,0.00183641,1.23276e-006,8.21843e-006,0.000599946,0.000588029,4.10922e-006,8.21843e-006,8.30062e-005
0.000170943,3.28737e-006,0,2.17788e-005,1.23276e-006,1.64369e-006,2.38335e-005,0.00180518,1.23276e-006,8.21843e-006,0.000544882,0.000578989,4.10922e-006,7.80751e-006,7.80751e-005
0.000155328,2.05461e-006,4.10922e-007,2.46553e-005,1.23276e-006,1.23276e-006,2.21898e-005,0.0018171,1.23276e-006,8.62935e-006,0,0.000603233,4.52014e-006,8.62935e-006,8.17734e-005
0.000171354,3.28737e-006,0,0,1.23276e-006,1.23276e-006,2.34225e-005,0.00183518,8.21843e-007,9.04028e-006,4.10922e-007,0.000595015,4.52014e-006,8.62935e-006,0.000113825
0.00016478,1.64369e-006,0,0,8.21843e-007,8.21843e-007,1.97242e-005,0.00187462,2.05461e-006,9.04028e-006,0,0.000590905,4.10922e-006,1.27386e-005,8.42389e-005
0.000193544,2.46553e-006,4.10922e-007,0,1.64369e-006,1.23276e-006,2.30116e-005,0.00180641,1.23276e-006,8.62935e-006,0,0.00058844,4.10922e-006,8.62935e-006,8.30062e-005
0.000172587,3.28737e-006,0,0,8.21843e-007,1.64369e-006,2.34225e-005,0.00193133,1.23276e-006,8.62935e-006,0,0.00059296,4.10922e-006,8.21843e-006,8.71154e-005
0.000158205,2.87645e-006,0,0,1.64369e-006,1.23276e-006,2.13679e-005,0.00183435,8.21843e-007,8.62935e-006,0,0.000595836,4.10922e-006,8.21843e-006,8.21843e-005
0.000169711,4.10922e-006,4.10922e-007,4.10922e-007,1.23276e-006,2.05461e-006,2.42444e-005,0.00182942,8.21843e-007,8.62935e-006,0,0.000589262,4.10922e-006,8.21843e-006,8.25953e-005
0.000184093,3.28737e-006,4.10922e-007,4.10922e-007,1.23276e-006,1.23276e-006,2.17788e-005,0.00176368,8.21843e-007,8.21843e-006,0,0.000553101,4.10922e-006,8.21843e-006,8.62935e-005
4.64341e-005,2.87645e-006,0,0,1.64369e-006,1.64369e-006,2.42444e-005,0.00182572,1.23276e-006,8.62935e-006,0,0.000587618,4.10922e-006,8.21843e-006,8.30062e-005
0.000151219,2.46553e-006,0,0,8.21843e-007,8.21843e-007,2.13679e-005,0.00180189,8.21843e-007,8.62935e-006,0,0.000585974,4.10922e-006,8.21843e-006,8.25953e-005
0.000182449,3.28737e-006,4.10922e-007,0,1.64369e-006,1.23276e-006,2.21898e-005,0.00174724,8.21843e-007,8.21843e-006,0,0.000553922,3.69829e-006,7.80751e-006,8.83482e-005
5.17761e-005,2.05461e-006,0,4.10922e-007,8.21843e-007,8.21843e-007,2.6299e-005,0.00189188,1.23276e-006,8.62935e-006,0,0.000586796,4.52014e-006,1.27386e-005,8.30062e-005
0.000148343,5.34198e-006,4.10922e-007,0,1.64369e-006,2.05461e-006,2.42444e-005,0.00187586,1.23276e-006,8.62935e-006,0,0.000590494,4.52014e-006,9.04028e-006,8.30062e-005
0.000167656,3.69829e-006,4.10922e-007,0,1.64369e-006,1.64369e-006,2.34225e-005,0.0018171,1.23276e-006,8.62935e-006,0,0.000589673,4.10922e-006,8.21843e-006,7.80751e-005
4.52014e-005,2.87645e-006,4.10922e-007,0,8.21843e-007,1.64369e-006,2.30116e-005,0.0018549,1.23276e-006,8.62935e-006,0,0.000587207,4.10922e-006,8.62935e-006,8.21843e-005
0.000163547,2.87645e-006,0,0,1.23276e-006,1.64369e-006,3.04082e-005,0.00181668,1.23276e-006,8.62935e-006,0,0.000608575,4.52014e-006,8.21843e-006,8.30062e-005
4.47905e-005,2.46553e-006,4.10922e-007,0,8.21843e-007,1.23276e-006,2.30116e-005,0.00183312,1.23276e-006,8.62935e-006,0,0.000617615,4.52014e-006,1.10949e-005,8.62935e-005
5.2187e-005,3.28737e-006,4.10922e-007,0,1.64369e-006,1.64369e-006,2.21898e-005,0.00176409,1.23276e-006,8.21843e-006,4.10922e-007,0.000553922,3.69829e-006,8.21843e-006,0.000214912
4.47905e-005,2.05461e-006,0,4.10922e-007,8.21843e-007,8.21843e-007,2.6299e-005,0.00188243,1.64369e-006,8.62935e-006,0,0.000588029,4.52014e-006,1.23276e-005,9.20464e-005
0.000163958,2.87645e-006,0,0,1.64369e-006,1.64369e-006,2.30116e-005,0.00173697,1.23276e-006,8.21843e-006,0,0.000574468,4.10922e-006,8.21843e-006,7.8897e-005
0.000176285,2.87645e-006,4.10922e-007,0,1.23276e-006,1.23276e-006,2.34225e-005,0.00193256,8.21843e-007,8.62935e-006,0,0.000592138,4.10922e-006,9.04028e-006,8.25953e-005
0.000158205,2.46553e-006,4.10922e-007,0,1.23276e-006,1.23276e-006,2.05461e-005,0.00189394,8.21843e-007,8.62935e-006,0,0.000596247,4.52014e-006,8.62935e-006,8.17734e-005
0.000159027,2.46553e-006,4.10922e-007,4.10922e-007,8.21843e-007,1.64369e-006,2.21898e-005,0.00178381,1.23276e-006,8.21843e-006,4.10922e-007,0.000555977,4.10922e-006,7.80751e-006,9.65666e-005
0.000185737,1.39713e-005,4.10922e-007,0,1.23276e-006,1.23276e-006,2.21898e-005,0.00176203,1.23276e-006,8.62935e-006,0,0.000599535,4.52014e-006,9.86212e-006,9.82103e-005
0.000175874,4.10922e-006,4.10922e-007,4.10922e-007,1.23276e-006,1.64369e-006,2.42444e-005,0.00181997,8.21843e-007,8.62935e-006,0,0.000591316,4.52014e-006,8.21843e-006,8.30062e-005
0.000152041,2.05461e-006,0,0,8.21843e-007,1.23276e-006,2.13679e-005,0.00186065,1.23276e-006,8.62935e-006,0,0.000634874,4.93106e-006,1.64369e-005,8.46499e-005
0.000170943,3.28737e-006,0,0,1.23276e-006,1.64369e-006,2.38335e-005,0.00183477,8.21843e-007,8.62935e-006,0,0.000597069,4.52014e-006,8.62935e-006,8.30062e-005
4.47905e-005,2.05461e-006,4.10922e-007,0,1.23276e-006,1.23276e-006,5.7529e-005,0.00185778,1.23276e-006,8.62935e-006,0,0.000589673,4.10922e-006,1.15058e-005,8.25953e-005
0.000143001,3.28737e-006,0,0,1.23276e-006,1.64369e-006,2.30116e-005,0.00175505,1.23276e-006,7.80751e-006,0,0.000550224,3.69829e-006,7.80751e-006,7.60205e-005
0.000158205,3.69829e-006,0,0,1.23276e-006,1.64369e-006,2.38335e-005,0.00172258,8.21843e-007,7.80751e-006,0,0.000538718,4.10922e-006,7.80751e-006,8.75263e-005
0.00016067,2.05461e-006,4.10922e-007,0,1.23276e-006,1.64369e-006,2.21898e-005,0.00176121,8.21843e-007,8.21843e-006,0,0.000553101,3.69829e-006,7.80751e-006,7.47877e-005
0.000143823,3.28737e-006,0,0,1.23276e-006,2.05461e-006,2.30116e-005,0.00175176,1.23276e-006,8.21843e-006,4.10922e-007,0.000555977,4.10922e-006,8.21843e-006,8.79372e-005
0.000158616,2.46553e-006,0,4.10922e-007,1.23276e-006,8.21843e-007,2.01352e-005,0.00186435,8.21843e-007,8.62935e-006,0,0.000585974,4.52014e-006,8.62935e-006,8.21843e-005
0.00016067,5.7529e-006,8.21843e-007,0,1.64369e-006,1.0273e-005,2.30116e-005,0.00180641,1.64369e-006,8.62935e-006,0,0.000589262,4.10922e-006,8.62935e-006,8.30062e-005
0.000105607,2.05461e-006,0,0,8.21843e-007,8.21843e-007,2.13679e-005,0.00189599,2.05461e-006,8.62935e-006,0,0.000589673,4.52014e-006,1.27386e-005,8.34171e-005
0.000148754,3.69829e-006,4.10922e-007,4.10922e-007,1.23276e-006,4.10922e-007,2.26007e-005,0.00182326,8.21843e-007,8.62935e-006,0,0.00059748,4.52014e-006,8.21843e-006,8.30062e-005
0.000150808,3.69829e-006,0,0,8.21843e-007,8.21843e-007,2.30116e-005,0.00175792,1.23276e-006,8.21843e-006,0,0.000554333,4.10922e-006,7.80751e-006,8.83482e-005
0.000159849,2.87645e-006,4.10922e-007,4.10922e-007,1.23276e-006,8.21843e-007,2.26007e-005,0.00181833,1.23276e-006,8.62935e-006,0,0.000585974,4.10922e-006,8.21843e-006,9.41011e-005
0.000172998,6.16382e-006,0,0,1.23276e-006,8.21843e-007,2.38335e-005,0.00177724,8.21843e-007,8.21843e-006,0,0.000572825,4.10922e-006,7.80751e-006,7.8486e-005
4.31468e-005,3.28737e-006,0,0,1.23276e-006,8.21843e-007,2.13679e-005,0.00185326,2.05461e-006,9.86212e-006,4.10922e-007,0.000666926,5.34198e-006,1.47932e-005,8.42389e-005
4.76669e-005,3.69829e-006,4.10922e-007,4.10922e-007,1.23276e-006,8.21843e-007,2.42444e-005,0.0019038,1.23276e-006,8.62935e-006,4.10922e-007,0.000588851,4.52014e-006,8.62935e-006,8.30062e-005
0.000168889,3.69829e-006,0,0,8.21843e-007,8.21843e-007,2.38335e-005,0.00182244,8.21843e-007,8.62935e-006,0,0.000590083,4.10922e-006,8.21843e-006,8.34171e-005
0.000173409,3.28737e-006,0,0,1.23276e-006,8.21843e-007,2.17788e-005,0.00183394,8.21843e-007,8.62935e-006,0,0.000586796,4.52014e-006,8.21843e-006,8.30062e-005
0.000147932,3.28737e-006,4.10922e-007,0,1.23276e-006,8.21843e-007,2.34225e-005,0.00193256,1.23276e-006,8.62935e-006,0,0.000588029,4.52014e-006,8.62935e-006,8.30062e-005
0.000137248,2.87645e-006,0,0,8.21843e-007,8.21843e-007,2.21898e-005,0.00183025,1.23276e-006,8.62935e-006,0,0.000585974,4.52014e-006,8.62935e-006,9.4512e-005
0.000151219,3.28737e-006,4.10922e-007,0,8.21843e-007,8.21843e-007,2.38335e-005,0.00183805,1.23276e-006,8.62935e-006,0,0.00059748,4.52014e-006,8.21843e-006,8.30062e-005
0.000184093,2.05461e-006,0,0,8.21843e-007,8.21843e-007,2.0957e-005,0.0018249,1.23276e-006,8.62935e-006,0,0.000585563,4.10922e-006,8.21843e-006,8.50608e-005
0.000160259,3.69829e-006,4.10922e-007,0,8.21843e-007,8.21843e-007,2.34225e-005,0.00182531,8.21843e-007,8.62935e-006,0,0.000589673,4.10922e-006,8.21843e-006,8.25953e-005
0.000154507,2.46553e-006,4.10922e-007,0,8.21843e-007,4.10922e-007,2.13679e-005,0.00184216,2.05461e-006,8.62935e-006,0,0.000580632,4.52014e-006,1.43823e-005,8.46499e-005
0.000141357,2.87645e-006,4.10922e-007,4.10922e-007,1.23276e-006,8.21843e-007,2.17788e-005,0.00175628,8.21843e-007,8.21843e-006,4.10922e-007,0.000555977,4.10922e-006,8.21843e-006,9.65666e-005
4.60232e-005,3.28737e-006,0,0,8.21843e-007,8.21843e-007,2.34225e-005,0.00182162,8.21843e-007,8.62935e-006,0,0.000595425,4.52014e-006,8.21843e-006,8.34171e-005
0.00020053,2.87645e-006,4.10922e-007,0,8.21843e-007,8.21843e-007,2.13679e-005,0.00181627,8.21843e-007,8.62935e-006,0,0.000615561,4.52014e-006,8.62935e-006,8.21843e-005
0.000172176,3.28737e-006,0,0,1.23276e-006,8.21843e-007,2.30116e-005,0.00183353,8.21843e-007,8.62935e-006,0,0.000596658,4.10922e-006,8.21843e-006,8.25953e-005
0.000170532,2.87645e-006,0,4.10922e-007,8.21843e-007,4.10922e-007,2.21898e-005,0.00181668,1.23276e-006,8.62935e-006,0,0.000591316,4.52014e-006,8.62935e-006,8.17734e-005
0.000167656,3.69829e-006,0,0,8.21843e-007,1.23276e-006,2.38335e-005,0.00181833,1.23276e-006,9.04028e-006,4.10922e-007,0.000594193,4.52014e-006,8.21843e-006,9.49229e-005
0.000148754,2.46553e-006,0,4.10922e-007,8.21843e-007,8.21843e-007,2.21898e-005,0.00194654,2.46553e-006,9.04028e-006,0,0.00059748,4.52014e-006,1.39713e-005,8.3828e-005
0.000164369,4.10922e-006,0,0,1.23276e-006,8.21843e-007,2.30116e-005,0.00183394,8.21843e-007,8.62935e-006,0,0.000597891,4.52014e-006,8.21843e-006,8.25953e-005
0.000183271,3.28737e-006,4.10922e-007,0,8.21843e-007,1.23276e-006,2.17788e-005,0.00177066,8.21843e-007,7.80751e-006,0,0.000553511,4.10922e-006,7.39659e-006,8.79372e-005
